village_name,village_name_norm,taluka,near_town,area_ha,tot_hh,tot_p,tot_m,tot_f,main_crop_1,main_crop_2,main_crop_3,tot_income,tot_expense,tot_irrigated,un_irrigated,bank_facility,comm_bank,coop_bank,power_supply,power_agri,taluka_resolved_by
Chelana,chelana,Satlasana,KHERALU,562.32,254,1146,571,575,GRAINS,OIL SEEDS,MILK,6417,3887,283.54,147.3,2,0,0,1,0,
Talegadh,talegadh,Satlasana,KHERALU,740.75,221,1169,591,578,GRAINS,PULSES,COTTON,3340,3077,241.0,61.72,2,0,0,1,0,
Khari,khari,Satlasana,KHERALU,558.97,77,387,202,185,CASTOR SEEDS,WHEAT,BAJRI,0,0,42.24,40.55,2,0,0,1,0,
Nedardi,nedardi,Satlasana,KHERALU,626.67,167,928,476,452,GRAINS,PULSES,COTTON,0,0,65.0,180.14,2,0,0,1,0,
Vajapur,vajapur,Satlasana,KHERALU,175.79,225,1077,542,535,GRAINS,PULSES,COTTON,1517,1518,42.0,71.47,2,0,0,1,0,
Mumanvas,mumanvas,Satlasana,KHERALU,197.83,266,1353,678,675,GRAINS,PULSES,CASTOR SEEDS,0,0,50.0,65.0,2,0,0,1,0,
Bhanavas,bhanavas,Satlasana,KHERALU,122.55,139,827,426,401,GRAINS,PULSES,CASTOR SEEDS,0,0,36.26,40.55,2,0,0,1,0,
Kubada,kubada,Satlasana,KHERALU,329.83,133,693,367,326,WHEAT,MUSTARD,CASTOR SEEDS,2600,2200,58.0,30.18,2,0,0,1,0,
Vansada,vansada,Satlasana,KHERALU,135.05,97,537,269,268,PULSES,WHEAT,CASTOR SEEDS,0,0,66.0,8.52,2,0,0,1,0,
Semor,semor,Satlasana,KHERALU,155.48,78,412,209,203,GRAINS,PULSES,COTTON,0,0,92.15,7.35,2,0,0,1,0,
Umari,umari,Satlasana,KHERALU,1395.66,539,2534,1225,1309,GRAINS,PULSES,COTTON,253,216,150.0,576.2,2,0,0,1,0,
Takhatpura,takhatpura,Satlasana,KHERALU,72.86,98,536,268,268,GRAINS,PULSES,COTTON,0,0,52.6,15.26,2,0,0,1,0,
Jashpuriya,jashpuriya,Satlasana,VISNAGAR,201.38,118,515,257,258,GRAINS,TOBACCO,MILK,0,0,119.9,0.0,2,0,0,1,0,
Ranpur,ranpur,Satlasana,KHERALU,638.46,267,1229,612,617,GRAINS,PULSES,COTTON,438,430,250.12,198.46,2,0,0,1,0,
Vasai,vasai,Satlasana,VISNAGAR,361.96,164,606,316,290,GRAINS,MILK,OIL SEEDS,729,307,150.0,75.3,2,0,0,1,0,population_match
Dulana,dulana,Satlasana,KHERALU,357.93,114,519,274,245,BAJRI,WHEAT,COTTON,0,0,95.0,180.01,2,0,0,1,0,
Sardarpur (Chee),sardarpur,AMBIGUOUS:Satlasana/Vijapur,KHERALU,391.21,398,2004,1023,981,GRAINS,PULSES,COTTON,95,142,90.0,260.0,2,0,0,1,0,
Sudasana,sudasana,Satlasana,KHERALU,1932.19,884,4129,2070,2059,OIL SEEDS,BAJRI,MUSTARD,1806,1758,632.22,463.67,1,1,0,1,0,
Bhalu Moti,bhalu moti,Satlasana,KHERALU,335.43,277,1321,685,636,GRAINS,PULSES,COTTON,969,912,120.3,120.13,2,0,0,1,0,
Bhalu Nani,bhalu nani,Satlasana,KHERALU,268.0,280,1510,790,720,GRAINS,PULSES,CASTOR SEEDS,47,41,95.0,35.15,2,0,0,1,0,
Bedasma,bedasma,Satlasana,KHERALU,403.9,161,782,410,372,GRAINS,PULSES,CASTOR SEEDS,1917,1908,52.9,130.12,2,0,0,1,0,
Samarapur,samarapur,Satlasana,KHERALU,286.9,212,1081,548,533,GRAINS,PULSES,COTTON,780,752,100.53,100.0,2,0,0,1,0,
Rabarivas,rabarivas,UNMATCHED,,48.75,0,0,0,0,,,,0,0,0.0,0.0,0,0,0,0,0,
Dhadhivas,dhadhivas,UNMATCHED,,64.84,0,0,0,0,,,,0,0,0.0,0.0,0,0,0,0,0,
Gamanpur,gamanpur,UNMATCHED,,120.54,0,0,0,0,,,,0,0,0.0,0.0,0,0,0,0,0,
Santola,santola,Satlasana,KHERALU,166.72,15,82,41,41,GRAINS,PULSES,COTTON,0,0,30.0,14.89,2,0,0,1,0,
Gothda,gothda,Satlasana,KHERALU,347.58,187,938,490,448,GRAINS,PULSES,COTTON,154,237,223.59,3.2,2,0,0,1,0,
Ajabapur(Jivak),ajabapur,UNMATCHED,,48.96,0,0,0,0,,,,0,0,0.0,0.0,0,0,0,0,0,
Kothasana Mota,kothasana mota,Satlasana,KHERALU,391.45,344,1807,939,868,GRAINS,PULSES,COTTON,286,264,170.0,80.88,2,0,0,1,0,
Kothasana Nana,kothasana nana,Satlasana,KHERALU,234.88,219,1207,613,594,GRAINS,PULSES,COTTON,0,0,70.0,50.39,2,0,0,1,0,
Sheshhapur,sheshhapur,Satlasana,KHERALU,123.0,73,365,183,182,GRAINS,PULSES,OIL SEEDS,0,0,94.16,12.35,2,0,0,1,1,
Bhalusana,bhalusana,Satlasana,KHERALU,778.1,683,3175,1586,1589,GRAINS,PULSES,COTTON,1218,1172,397.84,87.06,1,1,0,1,0,
Umrecha,umrecha,Satlasana,KHERALU,306.02,186,991,507,484,GRAINS,PULSES,MUSTARD,1602,1538,122.5,107.38,2,0,0,1,0,
Bhatvas,bhatvas,Satlasana,KHERALU,286.8,97,510,261,249,GRAINS,PULSES,COTTON,0,0,40.4,100.3,2,0,0,1,0,
Rinchhada,rinchhada,Satlasana,KHERALU,208.85,110,510,268,242,WHEAT,BAJRI,COTTON,0,0,90.0,17.44,2,0,0,1,0,
Kesarpura,kesarpura,Satlasana,KHERALU,224.53,144,805,398,407,BAJRI,WHEAT,COTTON,0,0,50.01,150.0,2,0,0,1,0,
Nijhampur,nijhampur,Satlasana,KHERALU,147.78,85,435,228,207,COTTON,WHEAT,PULSES,0,0,100.0,9.04,2,0,0,1,0,
Jaspur,jaspur,Satlasana,KHERALU,175.96,129,758,371,387,COTTON,WHEAT,BAJRI,0,0,102.0,10.57,2,0,0,1,0,
Khilod,khilod,Satlasana,KHERALU,189.98,125,607,284,323,COTTON,WHEAT,BAJRI,2068,2118,119.03,30.0,2,0,0,1,0,
Isakpura,isakpura,Satlasana,KHERALU,68.39,112,584,290,294,WHEAT,BAJRI,OIL SEEDS,1052,968,47.0,12.0,2,0,0,1,0,
Ankaliyara,ankaliyara,Satlasana,KHERALU,282.7,199,962,496,466,WHEAT,BAJRI,MUSTARD,1469,923,67.43,127.56,2,0,0,1,0,
Himmatpura,himmatpura,Satlasana,KHERALU,216.33,149,682,355,327,GRAINS,PULSES,COTTON,0,0,85.35,55.0,2,0,0,1,0,
Bhimpur,bhimpur,Satlasana,KHERALU,344.14,348,1756,908,848,FENNEL SEEDS,OIL SEEDS,WHEAT,1118,1027,244.0,34.04,2,0,0,1,0,
Navavas,navavas,Satlasana,KHERALU,203.74,177,868,437,431,GROUNDNUT,JOWAR,MUSTARD,0,0,106.01,80.0,2,0,0,1,0,
Sartanpur (Gadh),sartanpur,Satlasana,VISNAGAR,227.53,270,1310,665,645,BAJRI,WHEAT,COTTON,350,345,1.0,195.0,2,0,0,1,0,
Satlasana,satlasana,Satlasana,KHERALU,2720.02,1478,6944,3675,3269,GROUNDNUT,BAJRI,COTTON,21904,23845,219.8,478.34,1,1,1,1,0,
Vaghva-Mandva,vaghva mandva,UNMATCHED,,426.63,0,0,0,0,,,,0,0,0.0,0.0,0,0,0,0,0,
Malana,malana,UNMATCHED,,432.97,0,0,0,0,,,,0,0,0.0,0.0,0,0,0,0,0,
Dharoi,dharoi,Satlasana,KHERALU,713.02,517,2638,1411,1227,BAJRI,WHEAT,COTTON,5355,6235,451.02,112.0,1,1,0,1,0,
Vav,vav,Satlasana,VISNAGAR,479.47,612,2893,1489,1404,BAJRI,WHEAT,COTTON,1446,1421,145.7,310.0,2,0,0,1,0,
Rajpur(Gadh),rajpur,AMBIGUOUS:Kadi/Satlasana/Vadnagar,KHERALU,181.74,210,1029,510,519,GROUNDNUT,WHEAT,BAJRI,0,0,48.9,45.0,2,0,0,1,0,
Timba,timba,Satlasana,KHERALU,2877.38,462,2576,1337,1239,BAJRI,WHEAT,COTTON,1512,1616,345.0,465.0,2,0,0,1,0,
Shahupura (Gadh),shahupura,Satlasana,KHERALU,217.6,90,695,464,231,BAJRI,WHEAT,PULSES,0,0,100.0,90.0,2,0,0,1,0,
Pirojpura,pirojpura,Satlasana,KHERALU,132.42,56,228,113,115,COTTON,BAJRI,OIL SEEDS,0,0,76.15,16.32,2,0,0,1,0,
Vaghar,vaghar,Satlasana,KHERALU,184.33,267,1487,751,736,COTTON,WHEAT,BAJRI,380,386,160.0,13.94,2,0,0,1,0,
Anand Bhankhari,anand bhankhari,Satlasana,KHERALU,193.32,122,726,373,353,WHEAT,BAJRI,PULSES,0,0,108.0,70.18,2,0,0,1,0,
Sadrasan,sadrasan,UNMATCHED,,226.35,0,0,0,0,,,,0,0,0.0,0.0,0,0,0,0,0,
Khodamali,khodamali,Satlasana,KHERALU,987.13,392,1953,992,961,BAJRI,WHEAT,COTTON,1953,1856,422.49,87.13,2,0,0,1,0,
Vavadi (Gadh),vavadi,Satlasana,KHERALU,84.18,114,569,283,286,BAJRI,WHEAT,COTTON,0,0,54.08,20.55,2,0,0,1,0,
Vadnal,vadnal,UNMATCHED,,240.93,0,0,0,0,,,,0,0,0.0,0.0,0,0,0,0,0,
Fatepura,fatepura,Satlasana,KHERALU,484.93,193,1010,519,491,GRAINS,PULSES,MUSTARD,3300,3500,200.1,165.0,2,0,0,1,0,
Hadol,hadol,Satlasana,KHERALU,2154.45,390,2082,1049,1033,BAJRI,PULSES,COTTON,1520,1369,630.0,1000.0,2,0,0,1,0,
Radhupura,radhupura,Satlasana,KHERALU,350.29,165,817,403,414,WHEAT,BAJRI,PULSES,0,0,108.06,27.0,2,0,0,1,0,
Galalpur,galalpur,Satlasana,KHERALU,269.73,64,355,173,182,WHEAT,MUSTARD,PULSES,0,0,102.01,51.99,2,0,0,1,0,
Kajipur,kajipur,Satlasana,KHERALU,273.64,49,306,156,150,BAJRI,WHEAT,COTTON,0,0,69.69,59.15,2,0,0,1,0,
Otalpur,otalpur,Satlasana,KHERALU,373.04,203,1019,543,476,BAJRI,WHEAT,COTTON,500,480,35.0,232.9,2,0,0,1,0,
Rangpur (Gadh),rangpur,AMBIGUOUS:Satlasana/Visnagar,KHERALU,339.27,159,1019,543,476,WHEAT,BAJRI,PULSES,0,0,159.93,60.11,2,0,0,1,0,
Kanediya,kanediya,Satlasana,KHERALU,478.95,304,1598,816,782,WHEAT,BAJRI,PULSES,2135,1982,132.56,289.15,2,0,0,1,0,
Dharavania,dharavania,Satlasana,KHERALU,232.39,124,679,346,333,BAJRI,WHEAT,COTTON,875,900,180.0,21.92,2,0,0,1,0,
Gamanpura,gamanpura,AMBIGUOUS:Mahesana/Satlasana,KHERALU,67.38,15,74,40,34,BAJRI,WHEAT,COTTON,0,0,45.0,0.0,2,0,0,1,0,
Chhelpura,chhelpura,Satlasana,KHERALU,198.18,77,460,229,231,BAJRI,WHEAT,COTTON,0,0,93.82,10.82,2,0,0,1,0,
Kevdasan,kevdasan,Satlasana,KHERALU,171.18,55,293,141,152,BAJRI,WHEAT,COTTON,835,1000,71.0,49.06,2,0,0,1,0,
Malapura,malapura,Satlasana,KHERALU,146.32,153,843,439,404,BAJRI,WHEAT,COTTON,0,0,86.22,40.03,2,0,0,1,0,
Chansol,chansol,Kheralu,KHERALU,1119.15,578,2928,1497,1431,WHEAT,PADDY,COTTON,1308,1247,288.11,712.81,1,1,0,1,0,
Dabhad,dabhad,Kheralu,KHERALU,1163.25,826,4313,2211,2102,MUSTARD,CASTOR SEEDS,WHEAT,2169,1930,525.95,494.08,1,1,0,1,0,
Davol,davol,Kheralu,KHERALU,522.09,415,1897,980,917,WHEAT,BAJRI,CASTOR SEEDS,538,542,364.15,75.71,2,0,0,1,0,
Varetha,varetha,Kheralu,KHERALU,628.41,378,1881,945,936,MUSTARD,COTTON,PULSES,907,904,315.0,225.0,2,0,0,1,0,
Dalisana,dalisana,Kheralu,KHERALU,608.14,374,1873,985,888,GRAINS,OIL SEEDS,MILK,252,239,203.0,130.85,2,0,0,1,0,
Mahiyal,mahiyal,Kheralu,KHERALU,1160.97,291,1465,736,729,BAJRI,WHEAT,COTTON,333,312,291.0,22.47,2,0,0,1,0,
Sakari,sakari,Kheralu,KHERALU,70.9,280,1618,866,752,WHEAT,BAJRI,MUSTARD,0,0,30.01,3.56,2,0,0,1,0,
Fattepura(Khe),fattepura,Kheralu,KHERALU,248.2,146,641,335,306,BAJRI,JOWAR,WHEAT,411,369,150.0,35.68,2,0,0,1,0,
Vithoda,vithoda,Kheralu,KHERALU,781.08,585,2870,1442,1428,CASTOR SEEDS,WHEAT,BAJRI,3244,3659,517.06,111.0,1,1,0,1,0,
Vavdi (khe),vavdi,Kheralu,KHERALU,459.12,271,1607,831,776,BAJRI,MILK,,1003,912,260.05,96.53,2,0,0,1,0,
Lunva,lunva,Kheralu,KHERALU,1432.08,853,4509,2358,2151,BAJRI,WHEAT,COTTON,414,444,860.6,450.0,2,0,0,1,0,
Mandali,mandali,AMBIGUOUS:Becharaji/Kheralu/Mahesana,KHERALU,1131.09,838,4463,2302,2161,GRAINS,MUSTARD,PULSES,237,224,915.0,94.0,1,1,0,1,0,
Panchha,panchha,Kheralu,KHERALU,863.81,450,2474,1279,1195,SUGERCANE,JOWAR,BAJRI,7696,7663,500.0,310.7,2,0,0,1,0,
Balad,balad,Kheralu,KHERALU,1219.44,491,2472,1315,1157,JOWAR,BAJRI,CASTOR SEEDS,4000,2500,320.0,732.26,2,0,0,1,0,
Shahpur (Santokpura),shahpur,AMBIGUOUS:Kheralu/Vadnagar,KHERALU,111.52,78,395,216,179,WHEAT,BAJRI,CASTOR SEEDS,0,0,71.29,25.0,2,0,0,1,0,
Mandropur,mandropur,Kheralu,KHERALU,1011.31,427,2253,1170,1083,GRAINS,PULSES,MUSTARD,1852,1635,500.68,275.11,2,0,0,1,0,
Nandali,nandali,Kheralu,KHERALU,417.47,321,1819,933,886,WHEAT,BAJRI,GRAMS,855,841,200.22,105.52,2,0,0,1,0,
Arathi,arathi,Kheralu,KHERALU,919.01,320,1557,799,758,GRAINS,MUSTARD,BAJRI,1223,1072,130.0,644.0,2,0,0,1,0,
Mahekubpura,mahekubpura,Kheralu,KHERALU,214.29,145,771,388,383,GRAINS,PULSES,,412,390,55.0,88.72,2,0,0,1,0,
Dabhoda,dabhoda,Kheralu,KHERALU,1235.21,1369,7735,3967,3768,GRAINS,PULSES,CASTOR SEEDS,4238,3960,460.0,500.0,2,0,0,1,0,
Kuda,kuda,Kheralu,KHERALU,385.46,458,2752,1354,1398,GRAINS,PULSES,MUSTARD,182,186,200.0,160.0,2,0,0,1,0,
Nalu,nalu,Kheralu,KHERALU,307.94,234,1378,721,657,GRAINS,PULSES,MUSTARD,13,13,108.0,162.0,2,0,0,1,0,
Chotiya,chotiya,Kheralu,KHERALU,412.38,259,1299,637,662,BAJRI,WHEAT,MUSTARD,928,865,99.04,262.34,2,0,0,1,0,
Lalawada,lalawada,Kheralu,KHERALU,416.87,247,1351,677,674,GRAINS,PULSES,COTTON,812,782,0.0,335.65,2,0,0,1,0,
Nanivada,nanivada,Kheralu,KHERALU,493.89,376,1860,976,884,BAJRI,WHEAT,COTTON,128,131,145.05,41.35,2,0,0,1,0,
Gajipur,gajipur,Kheralu,KHERALU,242.58,199,1045,548,497,BAJRI,WHEAT,MUSTARD,0,0,108.26,65.1,2,0,0,1,0,
Suvariya,suvariya,Kheralu,KHERALU,88.5,29,155,81,74,WHEAT,COTTON,BAJRI,0,0,48.5,20.41,2,0,0,1,0,
Malekpur (Khe),malekpur,AMBIGUOUS:Kheralu/Vadnagar,KHERALU,315.86,910,4862,2534,2328,BAJRI,WHEAT,COTTON,2311,1980,215.84,50.0,2,0,0,1,0,
Nani Hirvani,nani hirvani,Kheralu,KHERALU,768.55,336,1758,906,852,GRAINS,PULSES,MUSTARD,1275,1104,452.5,250.0,2,0,0,1,0,
Moti Hirvani,moti hirvani,Kheralu,KHERALU,867.58,270,1382,738,644,BAJRI,WHEAT,COTTON,1147,1136,435.13,325.51,2,0,0,1,0,
Machhava,machhava,Kheralu,KHERALU,775.84,269,1342,696,646,GRAINS,PULSES,COTTON,970,897,425.0,314.02,2,0,0,1,0,
Nortol,nortol,Kheralu,KHERALU,444.23,358,1899,991,908,GRAINS,MUSTARD,VEGETABLES,1035,911,0.0,315.0,2,0,0,1,0,
Chachariya,chachariya,Kheralu,KHERALU,288.6,147,786,423,363,COTTON,GRAINS,PULSES,533,528,221.55,10.43,2,0,0,1,0,
Thangana,thangana,Kheralu,KHERALU,242.23,216,1010,523,487,GRAINS,PULSES,COTTON,114,115,129.0,70.5,2,0,0,1,0,
Gathaman,gathaman,Kheralu,KHERALU,329.46,158,794,407,387,BAJRI,MUSTARD,COTTON,38,37,178.12,105.36,2,0,0,1,0,
Malarpura,malarpura,Kheralu,KHERALU,264.4,142,778,405,373,GRAINS,PULSES,COTTON,586,538,0.0,222.24,2,0,0,1,0,
Delvada,delvada,Kheralu,KHERALU,379.64,323,1863,925,938,BAJRI,WHEAT,COTTON,135,125,270.0,41.85,2,0,0,1,0,
Rahemanpura,rahemanpura,Kheralu,KHERALU,109.67,108,590,320,270,GRAINS,PULSES,MUSTARD,0,0,38.0,54.15,2,0,0,1,0,
Sangathala,sangathala,Kheralu,KHERALU,750.83,359,1858,968,890,BAJRI,WHEAT,COTTON,2479,2019,480.86,200.0,2,0,0,1,0,
Chada,chada,Kheralu,KHERALU,856.62,452,2035,1059,976,BAJRI,WHEAT,MUSTARD,81,81,211.44,35.0,2,0,0,1,0,
Dedasan,dedasan,Kheralu,KHERALU,446.91,176,799,401,398,BAJRI,WHEAT,COTTON,65,75,214.33,34.89,2,0,0,1,0,
Amarpura,amarpura,Kheralu,KHERALU,127.57,54,267,139,128,WHEAT,BAJRI,MUSTARD,0,0,43.83,54.0,2,0,0,1,0,
Vaghvadi,vaghvadi,Kheralu,KHERALU,964.21,341,1710,909,801,GRAINS,PULSES,MUSTARD,47,43,245.0,586.47,1,1,0,1,0,
Gorisana,gorisana,Kheralu,KHERALU,805.19,437,2177,1099,1078,COTTON,WHEAT,BAJRI,862,854,427.0,257.0,2,0,0,1,0,
Ambavada,ambavada,Kheralu,KHERALU,619.88,289,1457,776,681,GRAINS,PULSES,MUSTARD,31,28,120.36,400.0,2,0,0,1,0,
Samoja,samoja,Kheralu,KHERALU,361.33,143,682,353,329,BAJRI,WHEAT,COTTON,265,161,281.13,35.85,2,0,0,1,0,
Rasulpur,rasulpur,Kheralu,KHERALU,343.76,179,1018,482,536,WHEAT,BAJRI,MUSTARD,340,329,258.82,40.0,2,0,0,1,0,
Sadikpur,sadikpur,Kheralu,KHERALU,145.81,100,583,299,284,BAJRI,COTTON,WHEAT,265,161,113.58,21.89,2,0,0,1,0,
Limbdi,limbdi,Kheralu,KHERALU,347.33,256,1339,722,617,BAJRI,WHEAT,COTTON,911,872,236.47,54.37,2,0,0,1,0,
Unad,unad,Kheralu,VADNAGAR,1010.99,525,2623,1334,1289,GRAINS,OIL SEEDS,,2801,2784,260.99,590.0,2,0,0,1,0,
Madhasana,madhasana,Kheralu,VADNAGAR,494.7,334,1596,814,782,TOBACCO,WHEAT,BAJRI,1010,980,242.11,208.12,2,0,0,1,0,
Lindi,lindi,Unjha,UNJHA,92.05,75,342,171,171,WHEAT,MUSTARD,TOBACCO,491,479,70.74,10.24,2,0,0,1,0,
Visol,visol,Unjha,UNJHA,330.77,641,3445,1746,1699,BAJRI,JOWAR,WHEAT,2672,2388,300.0,2.08,2,0,0,1,0,
Varvada,varvada,Unjha,UNJHA,996.36,675,3417,1793,1624,MUSTARD,VEGETABLES,OIL SEEDS,2258,2269,455.0,472.81,2,0,0,1,0,
Brahmanvada,brahmanvada,Unjha,UNJHA,701.94,1260,6014,3088,2926,WHEAT,MUSTARD,BAJRI,3355,3802,435.0,101.0,1,1,1,1,0,
Kamli,kamli,Unjha,UNJHA,1595.41,1365,6508,3347,3161,WHEAT,CASTOR OIL,MUSTARD,3019,3019,950.0,450.0,1,1,1,1,0,
Jagannathpura,jagannathpura,Unjha,SIDHPUR,464.32,357,1853,919,934,WHEAT,MUSTARD,OIL SEEDS,2725,2713,408.5,33.81,2,0,0,1,0,
Kahoda,kahoda,Unjha,SIDHPUR,1221.39,1442,6978,3523,3455,MUSTARD,WHEAT,BAJRI,9426,7418,750.0,286.56,1,0,1,1,0,
Khatasana,khatasana,AMBIGUOUS:Unjha/Vadnagar,SIDHPUR,314.99,266,1218,631,587,WHEAT,BAJRI,MUSTARD,144,147,200.0,65.06,2,0,0,1,0,
Maherwada,maherwada,Unjha,UNJHA,665.14,549,2580,1299,1281,MUSTARD,VEGETABLES,LEMON,1595,1690,253.5,245.0,2,0,0,1,0,
Lihoda,lihoda,Unjha,UNJHA,194.48,118,555,271,284,COTTON,WHEAT,BAJRI,1800,1730,136.36,11.0,2,0,0,1,0,
Bhunav,bhunav,Unjha,UNJHA,630.24,806,3809,1957,1852,WHEAT,BAJRI,JOWAR,1204,1199,425.0,110.0,1,1,0,1,0,
Dasaj,dasaj,Unjha,UNJHA,1683.24,1093,5571,2829,2742,WHEAT,GROUNDNUT,MUSTARD,5600,4000,1268.12,175.08,1,1,1,1,0,
Maktupur,maktupur,Unjha,UNJHA,1254.63,1037,5138,2662,2476,TOBACCO,WHEAT,CASTOR SEEDS,8251,8070,764.0,357.99,1,1,1,1,0,
Tundav,tundav,Unjha,UNJHA,850.49,997,4665,2413,2252,TOBACCO,MUSTARD,WHEAT,5771,5070,575.0,194.0,1,1,1,1,0,
Amudh,amudh,Unjha,UNJHA,688.44,475,2226,1150,1076,BAJRI,MUSTARD,JOWAR,1500,1540,612.58,0.0,2,0,0,1,0,
Sunak,sunak,Unjha,UNJHA,765.43,699,3274,1636,1638,WHEAT,BAJRI,CASTOR OIL,3880,3826,609.66,48.34,1,1,0,1,0,
Dabhi,dabhi,Unjha,UNJHA,998.03,971,4971,2560,2411,WHEAT,JEERU,MUSTARD,3940,2989,800.0,74.75,2,0,0,1,0,
Shihi,shihi,Unjha,UNJHA,282.1,669,3275,1704,1571,MUSTARD,WHEAT,JEERU,2360,2380,200.38,23.02,2,0,0,1,0,
Bhankhar,bhankhar,Unjha,UNJHA,1180.03,539,3280,1676,1604,WHEAT,MUSTARD,CASTOR SEEDS,3468,3474,870.77,189.16,2,0,0,1,0,
Ranchhodpura,ranchhodpura,Unjha,UNJHA,553.02,648,3246,1675,1571,WHEAT,BAJRI,TOBACCO,1823,1751,458.34,12.59,2,0,0,1,0,population_match
Upera,upera,Unjha,UNJHA,2269.18,1283,6403,3339,3064,WHEAT,BAJRI,COTTON,4341,4434,1740.21,407.26,1,0,1,1,0,
Karanpur,karanpur,Unjha,UNJHA,847.97,318,1439,703,736,BAJRI,WHEAT,MUSTARD,1029,1025,493.95,259.31,2,0,0,1,0,
Karli,karli,Unjha,UNJHA,1602.83,894,4254,2136,2118,BAJRI,WHEAT,COTTON,3974,3967,1271.0,304.97,1,1,1,1,0,
Hajipur,hajipur,Unjha,UNJHA,264.48,339,1426,733,693,WHEAT,CASTOR SEEDS,BAJRI,2728,2728,121.3,108.34,2,0,0,1,0,population_match
Vanagla,vanagla,Unjha,UNJHA,782.97,585,3218,1688,1530,CASTOR SEEDS,WHEAT,BAJRI,2473,2536,523.44,188.65,2,0,0,1,0,
Aithor,aithor,Unjha,UNJHA,2104.62,1769,8509,4372,4137,MUSTARD,CASTOR SEEDS,WHEAT,2790,2590,1315.0,501.0,1,1,0,1,0,
Unava,unava,Unjha,UNJHA,2263.27,2404,12316,6337,5979,JOWAR,BAJRI,WHEAT,1378,1372,1532.0,230.05,1,1,3,1,0,
Surpura,surpura,AMBIGUOUS:Becharaji/Unjha,UNJHA,230.59,393,2367,1243,1124,MUSTARD,WHEAT,BAJRI,1210,1207,179.39,22.3,2,0,0,1,0,
Pali,pali,Unjha,UNJHA,528.95,381,1860,962,898,WHEAT,BAJRI,MUSTARD,1656,1681,300.0,143.78,2,0,0,1,0,
Navapura,navapura,Unjha,UNJHA,384.17,327,1560,803,757,MUSTARD,WHEAT,JEERU,5881,5879,200.0,125.77,2,0,0,1,0,population_match
Kanthravi,kanthravi,Unjha,MAHESANA,1513.09,955,4710,2473,2237,WHEAT,BAJRI,MUSTARD,8434,8208,950.0,363.7,1,1,0,1,0,
Tarabh,tarabh,Visnagar,UNJHA,1567.19,1075,5922,3070,2852,BAJRI,JOWAR,COTTON,2629,2875,1388.95,0.0,2,0,0,1,0,
Denap,denap,Visnagar,VISNAGAR,633.15,1377,6992,3676,3316,CASTOR SEEDS,COTTON,BAJRI,9265,6931,508.6,0.0,1,1,1,1,0,
Umta,umta,Visnagar,VISNAGAR,3279.14,1701,7934,4127,3807,JOWAR,BAJRI,MUSTARD,11139,12023,2762.76,14.33,1,1,1,1,0,
Rangpur (Khe),rangpur,Visnagar,VISNAGAR,396.7,335,1617,823,794,WHEAT,BAJRI,JOWAR,135,142,344.36,0.0,2,0,0,1,0,population_match
Kiyadar,kiyadar,Visnagar,VISNAGAR,280.82,101,523,264,259,WHEAT,BAJRI,CASTOR SEEDS,197,195,199.04,35.0,2,0,0,1,0,
Hasanpur,hasanpur,Visnagar,VISNAGAR,237.4,315,1790,902,888,WHEAT,JOWAR,BAJRI,975,983,204.05,0.0,2,0,0,1,0,
Paldi,paldi,Visnagar,VISNAGAR,489.23,562,2907,1544,1363,WHEAT,BAJRI,CASTOR SEEDS,1030,987,371.6,40.0,2,0,0,1,0,
Chhogala,chhogala,Visnagar,VISNAGAR,254.08,178,941,494,447,WHEAT,BAJRI,MUSTARD,837,837,224.09,0.0,2,0,0,1,0,
Khadalpur,khadalpur,Visnagar,VISNAGAR,415.06,360,1707,895,812,BAJRI,WHEAT,MUSTARD,1171,1172,314.0,10.0,2,0,0,1,0,population_match
Mahamadpur,mahamadpur,Visnagar,VISNAGAR,292.2,171,907,474,433,BAJRI,WHEAT,MUSTARD,1114,1115,211.0,15.0,2,0,0,1,0,
Kajialiyasana,kajialiyasana,Visnagar,VISNAGAR,339.58,169,988,479,509,BAJRI,COTTON,CASTOR SEEDS,1555,1815,274.79,0.0,2,0,0,1,0,
Khandosan,khandosan,Visnagar,VISNAGAR,1273.97,753,4002,2120,1882,CASTOR SEEDS,COTTON,MUSTARD,263,272,954.6,114.0,2,0,0,1,0,
Jetalvasana,jetalvasana,Visnagar,UNJHA,765.51,723,3417,1739,1678,MUSTARD,CASTOR SEEDS,COTTON,4082,3252,674.58,0.0,1,0,1,1,0,
Bokarvada,bokarvada,Visnagar,UNJHA,537.28,579,2844,1449,1395,COTTON,CASTOR SEEDS,JEERU,1820,1821,453.71,0.0,2,0,0,1,0,
Bhandu,bhandu,Visnagar,MAHESANA,2429.31,1432,7186,3733,3453,MUSTARD,CASTOR SEEDS,BAJRI,5246,5809,2105.0,143.0,1,1,1,1,0,
Vadu,vadu,Visnagar,VISNAGAR,324.61,506,2646,1340,1306,CASTOR SEEDS,BAJRI,COTTON,401,457,270.54,0.0,2,0,0,1,0,population_match
Satusana,satusana,Visnagar,UNJHA,262.01,181,869,436,433,JOWAR,BAJRI,WHEAT,1430,1937,218.37,1.69,2,0,0,1,0,
Valam,valam,Visnagar,VISNAGAR,2357.66,1655,7919,4052,3867,CASTOR SEEDS,COTTON,WHEAT,11053,11163,1824.9,219.21,1,1,1,1,0,
Iyasara,iyasara,Visnagar,VISNAGAR,438.72,172,902,475,427,BAJRI,JOWAR,WHEAT,401,401,364.13,0.0,2,0,0,1,0,
Rampura,rampura,AMBIGUOUS:Mahesana/Visnagar,VISNAGAR,252.67,215,1009,508,501,BAJRI,JOWAR,PADDY,1059,845,169.05,30.0,2,0,0,1,0,
Rajgadh,rajgadh,Visnagar,VISNAGAR,281.4,239,1227,618,609,BAJRI,JOWAR,CASTOR SEEDS,763,751,215.15,0.0,2,0,0,1,0,
Thalota,thalota,Visnagar,VISNAGAR,443.66,531,2659,1381,1278,COTTON,BAJRI,MUSTARD,4331,4195,372.52,9.7,2,0,0,1,0,
Gunja,gunja,Visnagar,VISNAGAR,2201.05,1264,6141,3182,2959,BAJRI,PULSES,WHEAT,1575,1329,1956.33,0.0,1,1,1,1,0,
Ralisana,ralisana,Visnagar,VISNAGAR,598.46,713,3624,1842,1782,CASTOR SEEDS,FENNEL SEEDS,MUSTARD,4703,4662,545.33,0.0,2,0,0,1,0,
Sushi,sushi,UNMATCHED,VISNAGAR,541.78,365,1931,988,943,WHEAT,BAJRI,CASTOR SEEDS,701,699,483.88,0.0,2,0,0,1,0,
Kansa (Part),kansa,Visnagar,VISNAGAR,1498.0,2115,10469,5425,5044,WHEAT,BAJRI,JOWAR,10854,12202,1199.0,34.23,1,0,2,1,0,
Pudgam,pudgam,Visnagar,VISNAGAR,1389.85,678,3638,1880,1758,BAJRI,JOWAR,WHEAT,3473,3105,1195.04,0.0,2,0,0,1,0,
Randala,randala,Visnagar,VISNAGAR,344.98,264,1384,720,664,BAJRI,JOWAR,WHEAT,1372,1076,302.87,0.0,2,0,0,1,0,
Kansarakui,kansarakui,Visnagar,VISNAGAR,385.52,625,3004,1542,1462,WHEAT,BAJRI,CASTOR SEEDS,2448,2278,348.04,0.0,1,0,1,1,0,
Ravalapura,ravalapura,Visnagar,VISNAGAR,419.17,166,925,483,442,MUSTARD,CASTOR SEEDS,JOWAR,776,772,353.1,0.0,2,0,0,1,0,
Savala,savala,Visnagar,VISNAGAR,1305.52,833,4172,2124,2048,MUSTARD,CASTOR SEEDS,SESAME,2057,2061,1178.04,4.74,2,0,0,1,0,
Saduthala,saduthala,Visnagar,VISNAGAR,949.15,514,2701,1410,1291,BAJRI,JOWAR,WHEAT,2292,1890,828.94,0.0,2,0,0,1,0,
Visnagar (Rural),visnagar,Visnagar,VISNAGAR,2506.39,113,674,376,298,WHEAT,BAJRI,MUSTARD,230,210,494.0,108.0,2,0,0,1,0,
Ghaghret,ghaghret,Visnagar,VISNAGAR,518.3,445,2187,1123,1064,BAJRI,JOWAR,MUSTARD,8263,8257,457.33,0.0,2,0,0,1,0,
Kuvasana,kuvasana,Visnagar,VISNAGAR,706.64,591,3050,1548,1502,WHEAT,BAJRI,JOWAR,502,513,526.21,80.0,2,0,0,1,0,
Bhalak,bhalak,Visnagar,VISNAGAR,1842.76,1504,7449,3867,3582,JOWAR,BAJRI,COTTON,4032,3742,1650.56,0.0,1,1,0,1,0,
Bakarpur,bakarpur,Visnagar,VISNAGAR,518.17,364,1610,838,772,WHEAT,BAJRI,CASTOR SEEDS,3850,3820,462.36,0.0,2,0,0,1,0,
Rangakui,rangakui,Visnagar,VISNAGAR,287.96,339,1659,835,824,MUSTARD,CASTOR SEEDS,WHEAT,2697,2586,218.58,0.0,2,0,0,1,0,
Gothva,gothva,Visnagar,VISNAGAR,1380.21,2013,10228,5099,5129,WHEAT,BAJRI,COTTON,3747,3852,1153.88,27.53,1,1,0,1,0,
Kamalpur (Gothva),kamalpur,Visnagar,VISNAGAR,396.93,224,1094,555,539,BAJRI,COTTON,JOWAR,1839,1911,316.02,0.0,2,0,0,1,0,population_match
Kada,kada,Visnagar,VISNAGAR,2109.12,1319,6550,3395,3155,CASTOR SEEDS,MUSTARD,COTTON,9151,9151,1623.89,90.21,1,0,1,1,0,
Kamana,kamana,Visnagar,VISNAGAR,1113.27,1204,5908,3049,2859,CASTOR SEEDS,COTTON,MUSTARD,4703,4736,960.97,0.0,1,1,1,1,0,
Becharpura,becharpura,Visnagar,VISNAGAR,198.49,284,1432,731,701,JEERU,BAJRI,CASTOR SEEDS,1877,1317,151.63,0.0,2,0,0,1,0,
Basana,basana,Visnagar,MAHESANA,1018.57,617,3138,1553,1585,WHEAT,BAJRI,JOWAR,1032,1067,688.13,210.69,2,0,0,1,0,
Chitroda Mota,chitroda mota,Visnagar,VISNAGAR,314.14,276,1383,712,671,WHEAT,BAJRI,JOWAR,607,599,212.75,50.09,2,0,0,1,0,
Chitrodipura,chitrodipura,AMBIGUOUS:Mahesana/Visnagar,MAHESANA,340.32,192,1167,598,569,WHEAT,JOWAR,MUSTARD,2227,2141,290.86,0.0,2,0,0,1,0,
Magroda,magroda,Visnagar,VISNAGAR,1045.86,605,3107,1620,1487,WHEAT,COTTON,MUSTARD,283,291,931.56,0.0,2,0,0,1,0,
Dadhiyal,dadhiyal,Visnagar,VISNAGAR,1163.29,763,3875,2041,1834,WHEAT,BAJRI,COTTON,3379,3375,1043.56,0.0,2,0,0,1,0,
Lachhadi,lachhadi,Visnagar,VISNAGAR,822.68,611,3231,1611,1620,BAJRI,WHEAT,JOWAR,2455,2445,783.0,9.0,2,0,0,1,0,
Kharvada,kharvada,Visnagar,VISNAGAR,944.34,640,3227,1709,1518,WHEAT,JOWAR,BAJRI,609,615,655.0,180.0,2,0,0,1,0,
Thumthal,thumthal,Visnagar,VISNAGAR,376.51,121,620,343,277,WHEAT,BAJRI,MUSTARD,618,668,337.06,0.0,2,0,0,1,0,
Megha Aliyasana,megha aliyasana,Visnagar,MAHESANA,365.03,266,1522,784,738,BAJRI,JOWAR,WHEAT,436,401,327.53,0.0,2,0,0,1,0,
Gunjala,gunjala,Visnagar,MAHESANA,447.37,310,1694,898,796,WHEAT,BAJRI,COTTON,1348,1334,404.44,0.0,2,0,0,1,0,
Ganpatpura,ganpatpura,Visnagar,VISNAGAR,167.62,174,998,509,489,BAJRI,TOBACCO,WHEAT,1849,1823,142.39,0.0,2,0,0,1,0,
Kamalpur (Kharavada),kamalpur,Vadnagar,VISNAGAR,186.08,333,1870,968,902,BAJRI,WHEAT,TOBACCO,1102,1135,155.03,17.0,2,0,0,1,0,population_match
Udalpur,udalpur,Visnagar,MAHESANA,946.13,789,4040,2083,1957,WHEAT,BAJRI,MUSTARD,5203,5172,835.0,15.0,1,1,0,1,0,
Dharusana,dharusana,Visnagar,VISNAGAR,289.31,131,693,343,350,WHEAT,BAJRI,MUSTARD,115,116,249.33,0.0,2,0,0,1,0,
Dhamanva,dhamanva,Visnagar,VISNAGAR,704.41,438,2388,1238,1150,COTTON,WHEAT,BAJRI,1665,1253,560.79,0.0,2,0,0,1,0,
Jaska,jaska,Vadnagar,VISNAGAR,1171.4,1213,6002,3093,2909,PULSES,GRAINS,COTTON,2676,2661,41.0,203.95,1,0,1,1,0,
Sundhiya,sundhiya,Vadnagar,VADNAGAR,2624.73,2545,12978,6689,6289,GRAINS,PULSES,COTTON,8753,8612,1789.34,380.0,1,1,1,1,0,
Hajipur,hajipur,AMBIGUOUS:Unjha/Vadnagar,KHERALU,267.31,65,372,187,185,GRAINS,PULSES,MUSTARD,0,0,207.2,9.97,2,0,0,1,0,
Shekhpur (Khe),shekhpur,Vadnagar,KHERALU,172.59,239,1336,672,664,WHEAT,BAJRI,MUSTARD,557,356,110.0,13.14,2,0,0,1,0,population_match
Sipor,sipor,Vadnagar,KHERALU,1713.46,1542,7256,3710,3546,BAJRI,WHEAT,COTTON,6256,5726,807.35,625.68,1,1,1,1,0,
Karshanpura,karshanpura,AMBIGUOUS:Mahesana/Vadnagar,VADNAGAR,651.34,314,1342,664,678,BAJRI,WHEAT,COTTON,715,711,185.0,380.0,2,0,0,1,0,
Khatasana,khatasana,Vadnagar,KHERALU,313.74,277,1586,798,788,BAJRI,WHEAT,COTTON,718,718,200.34,66.0,2,0,0,1,0,population_match
Dabu,dabu,Vadnagar,VADNAGAR,204.32,265,1472,744,728,GRAINS,MUSTARD,COTTON,6267,5938,133.94,26.01,2,0,0,1,0,
Aspa,aspa,Vadnagar,KHERALU,645.2,350,1834,950,884,COTTON,BERRIES,WHEAT,1141,941,22.0,198.0,2,0,0,1,0,
Vaktapur,vaktapur,UNMATCHED,,301.79,0,0,0,0,,,,0,0,0.0,0.0,0,0,0,0,0,
Ganeshpura,ganeshpura,Vadnagar,VADNAGAR,252.59,194,976,519,457,COTTON,OIL SEEDS,WHEAT,487,679,120.0,34.26,2,0,0,1,0,population_match
Undani,undani,Vadnagar,VADNAGAR,827.02,423,2097,1042,1055,BAJRI,WHEAT,COTTON,1665,1672,345.0,249.82,2,0,0,1,0,
Khanpur,khanpur,Vadnagar,VADNAGAR,151.41,77,521,260,261,BAJRI,MUSTARD,WHEAT,0,0,61.2,73.77,2,0,0,1,0,
Sarna,sarna,Vadnagar,KHERALU,577.31,320,1711,887,824,GRAINS,PULSES,MUSTARD,7132,593,300.0,197.73,2,0,0,1,0,
Badarpur,badarpur,Vadnagar,VADNAGAR,460.33,698,3808,1872,1936,PADDY,WHEAT,BAJRI,1198,1202,250.0,145.79,2,0,0,1,0,
Molipur,molipur,Vadnagar,VADNAGAR,353.73,668,4031,2011,2020,PULSES,GRAINS,COTTON,1288,1245,195.88,105.0,2,0,0,1,0,
Sulipur,sulipur,Vadnagar,VADNAGAR,172.38,333,1881,959,922,GRAINS,PULSES,MUSTARD,1121,1068,105.0,32.56,2,0,0,1,0,
Kesimpa,kesimpa,Vadnagar,VADNAGAR,526.11,621,3755,1929,1826,WHEAT,BAJRI,COTTON,2975,2989,374.58,20.0,2,0,0,1,0,
Jagapura,jagapura,Vadnagar,VADNAGAR,195.43,247,1519,778,741,BAJRI,WHEAT,COTTON,283,282,65.25,100.03,2,0,0,1,0,
Bajpura,bajpura,Vadnagar,VADNAGAR,132.44,91,513,260,253,GRAINS,PULSES,MUSTARD,0,0,79.1,34.12,2,0,0,1,0,
Babipura,babipura,Vadnagar,VISNAGAR,168.65,294,1552,804,748,WHEAT,BAJRI,MUSTARD,602,594,110.0,40.65,2,0,0,1,0,
Khatoda,khatoda,Vadnagar,VADNAGAR,458.88,275,1604,844,760,GRAINS,PULSES,MUSTARD,6473,6496,145.75,200.0,2,0,0,1,0,
Champa,champa,Vadnagar,VADNAGAR,195.43,136,936,469,467,GRAINS,PULSES,MUSTARD,478,417,120.0,50.94,2,0,0,1,0,
Navapura,navapura,AMBIGUOUS:Unjha/Vadnagar,VADNAGAR,94.4,135,740,375,365,BAJRI,WHEAT,MUSTARD,782,711,80.37,5.69,2,0,0,1,0,
Sultanpur,sultanpur,Vadnagar,VADNAGAR,883.11,1010,6251,3143,3108,BAJRI,WHEAT,MUSTARD,1031,1030,401.4,175.0,2,0,0,1,0,
Shahpur (Vad),shahpur,AMBIGUOUS:Kheralu/Vadnagar,VADNAGAR,877.0,629,3098,1526,1572,MILK,WHEAT,COTTON,271,270,630.86,161.43,2,0,0,1,0,
Undhai,undhai,Vadnagar,VADNAGAR,1152.01,603,2751,1390,1361,WHEAT,BAJRI,JOWAR,3344,3339,473.0,526.0,1,0,1,1,0,
Valasana,valasana,Vadnagar,KHERALU,1649.92,603,2970,1516,1454,BAJRI,WHEAT,COTTON,380,371,408.91,985.52,1,1,0,1,0,
Vaghdi (Juni),vaghdi,Vadnagar,KHERALU,448.63,65,313,168,145,WHEAT,BAJRI,MUSTARD,0,0,73.0,275.0,2,0,0,1,0,
Vaghadi (Navi),vaghadi,Vadnagar,VADNAGAR,267.99,21,71,42,29,BAJRI,WHEAT,COTTON,0,0,161.18,100.0,2,0,0,1,0,
Shobhasan,shobhasan,Vadnagar,VADNAGAR,1048.6,471,2458,1229,1229,GRAINS,MUSTARD,COTTON,852,835,870.96,107.01,2,0,0,1,0,
Pipaldar,pipaldar,Vadnagar,VADNAGAR,1557.02,462,2098,1052,1046,MUSTARD,OIL SEEDS,COTTON,3355,3323,1036.64,330.0,2,0,0,1,0,
Karbatiya,karbatiya,Vadnagar,VADNAGAR,1034.86,646,3008,1512,1496,BAJRI,WHEAT,COTTON,765,737,900.0,36.81,1,1,0,1,0,
Sabalpur,sabalpur,Vadnagar,VADNAGAR,525.5,542,2419,1200,1219,GRAINS,PULSES,MUSTARD,1835,1691,363.41,96.98,2,0,0,1,0,
Rajpur (Vad),rajpur,AMBIGUOUS:Kadi/Satlasana/Vadnagar,VADNAGAR,440.1,211,1089,539,550,BAJRI,WHEAT,COTTON,1485,1467,280.0,50.0,2,0,0,1,0,
Kamalpur,kamalpur,Vadnagar,VADNAGAR,262.99,308,1821,927,894,WHEAT,BAJRI,PULSES,600,600,107.0,128.85,2,0,0,1,0,population_match
Malekpur,malekpur,Vadnagar,VADNAGAR,384.01,553,2564,1289,1275,WHEAT,BAJRI,MILK,1745,1701,185.0,126.1,1,0,1,1,0,population_match
Chandpur,chandpur,Vadnagar,VADNAGAR,104.99,78,408,211,197,PULSES,GRAINS,COTTON,0,0,70.0,28.6,2,0,0,1,0,
Shekhpur (Vad),shekhpur,AMBIGUOUS:Vadnagar,VADNAGAR,407.09,101,508,281,227,MUSTARD,WHEAT,PULSES,379,319,330.0,37.4,2,0,0,1,0,
Kahipur,kahipur,Vadnagar,VADNAGAR,1318.05,643,3788,1911,1877,GRAINS,COTTON,MUSTARD,486,450,1002.27,200.0,2,0,0,1,0,
Mirjhapur,mirjhapur,Vadnagar,VADNAGAR,357.36,182,991,509,482,COTTON,OIL SEEDS,MUSTARD,903,885,269.79,40.0,2,0,0,1,0,
Chhabaliya,chhabaliya,Vadnagar,VADNAGAR,749.54,1199,6578,3363,3215,BAJRI,WHEAT,MUSTARD,425,425,504.9,220.1,2,0,0,1,0,
Transvad,transvad,Vadnagar,VADNAGAR,695.35,563,2581,1259,1322,MUSTARD,WHEAT,PULSES,1722,1632,500.0,175.0,2,0,0,1,0,
Deriya,deriya,Vijapur,VIJAPUR,522.08,111,610,303,307,TOBACCO,COTTON,OIL SEEDS,0,0,330.6,5.0,2,0,0,1,0,
Techava,techava,Vijapur,VIJAPUR,906.28,336,1769,919,850,COTTON,OIL SEEDS,TOBACCO,485,458,597.39,0.0,2,0,0,1,0,
Ransipur,ransipur,Vijapur,VIJAPUR,1609.3,574,2738,1428,1310,COTTON,TOBACCO,WHEAT,1097,1071,1449.0,0.0,2,0,0,1,0,
Gundrasan,gundrasan,Vijapur,VADNAGAR,628.79,422,2012,1004,1008,WHEAT,BAJRI,JOWAR,129,136,572.34,0.0,2,0,0,1,0,
Bamanva,bamanva,Vijapur,VADNAGAR,1171.74,633,2944,1464,1480,WHEAT,BAJRI,COTTON,601,614,955.1,24.06,2,0,0,1,0,
Malav,malav,Vijapur,VADNAGAR,452.68,191,825,436,389,BAJRI,MUSTARD,COTTON,220,235,393.66,0.0,2,0,0,1,0,
Abasana,abasana,Vijapur,VISNAGAR,341.66,272,1433,701,732,COTTON,MUSTARD,OIL SEEDS,174,168,318.65,0.0,2,0,0,1,0,
Mandalikharod,mandalikharod,Vijapur,VISNAGAR,612.76,489,2691,1409,1282,COTTON,OIL SEEDS,MUSTARD,1246,1262,555.56,0.0,2,0,0,1,0,
Jantral,jantral,Vijapur,VIJAPUR,2041.63,1213,5824,3010,2814,WHEAT,COTTON,BAJRI,3702,3431,1851.65,0.0,1,1,1,1,0,
Kamalpur,kamalpur,AMBIGUOUS:Vadnagar/Vijapur/Visnagar,VIJAPUR,834.68,406,2024,1049,975,COTTON,JOWAR,BAJRI,1074,1036,758.25,0.0,2,0,0,1,0,
Sardarpur,sardarpur,Vijapur,VIJAPUR,1403.3,880,4418,2236,2182,TOBACCO,COTTON,OIL SEEDS,2975,3228,1290.0,74.0,1,0,1,1,0,population_match
Kot,kot,Vijapur,VIJAPUR,763.02,337,1671,869,802,WHEAT,BAJRI,TOBACCO,2203,2231,635.3,0.0,2,0,0,1,0,
Rampur Kot,rampur kot,Vijapur,VIJAPUR,754.49,457,2302,1183,1119,WHEAT,BAJRI,COTTON,1059,1158,551.0,85.0,2,0,0,1,0,
Fudeda,fudeda,Vijapur,VIJAPUR,868.77,850,4054,2102,1952,WHEAT,JOWAR,TOBACCO,2269,2163,625.0,50.0,1,1,0,1,0,
Pedhamali,pedhamali,Vijapur,VIJAPUR,1370.83,769,3800,1978,1822,BAJRI,TOBACCO,MUSTARD,3314,3242,1081.83,0.0,2,0,0,1,0,
Sundarpur,sundarpur,Vijapur,VIJAPUR,344.66,765,3738,1898,1840,TOBACCO,POTATO,COTTON,1524,1490,202.0,21.0,2,0,0,1,0,
Changod,changod,Vijapur,VIJAPUR,514.64,161,789,394,395,TOBACCO,POTATO,BAJRI,503,506,471.0,0.0,2,0,0,1,0,
Kharod,kharod,Vijapur,VIJAPUR,1850.54,1304,6215,3222,2993,COTTON,POTATO,BAJRI,2634,2754,1676.58,0.0,2,0,0,1,0,
Biliya,biliya,Vijapur,VIJAPUR,635.28,394,2002,1011,991,WHEAT,COTTON,POTATO,484,493,571.0,30.0,1,1,0,1,0,
Morvad,morvad,Vijapur,VISNAGAR,324.35,332,1718,989,729,COTTON,MUSTARD,OIL SEEDS,870,956,285.0,0.0,2,0,0,1,0,
Gunchhali,gunchhali,Vijapur,VIJAPUR,347.46,220,1067,557,510,COTTON,CASTOR SEEDS,POTATO,333,369,296.79,0.0,2,0,0,1,0,
Tatosan,tatosan,Vijapur,VIJAPUR,646.51,365,1919,1022,897,COTTON,CASTOR SEEDS,MUSTARD,4337,4543,582.1,0.0,2,0,0,1,0,
Abharampura,abharampura,Vijapur,VIJAPUR,204.89,245,1331,696,635,COTTON,CASTOR SEEDS,POTATO,152,151,142.0,40.42,2,0,0,1,0,
Ladol,ladol,Vijapur,VIJAPUR,4195.63,2120,10369,5392,4977,TOBACCO,POTATO,BAJRI,5507,5646,3775.0,0.0,1,1,1,1,0,
Soja,soja,Vijapur,VIJAPUR,1095.29,412,2573,1333,1240,BAJRI,WHEAT,JOWAR,123,130,703.87,0.0,2,0,0,1,0,
Falu,falu,Vijapur,VIJAPUR,709.93,856,4265,2232,2033,TOBACCO,WHEAT,BAJRI,1602,2653,577.99,0.0,1,0,1,1,0,
Agalod,agalod,Vijapur,VIJAPUR,1655.1,318,1421,767,654,WHEAT,BAJRI,MUSTARD,2240,2245,1565.0,0.0,2,0,0,1,0,
Jepur,jepur,Vijapur,VIJAPUR,0.0,663,3339,1765,1574,WHEAT,BAJRI,JOWAR,0,0,0.0,0.0,2,0,0,1,0,
Hathipura,hathipura,Vijapur,VIJAPUR,257.42,411,2116,1102,1014,COTTON,TOBACCO,MUSTARD,706,622,138.12,85.05,2,0,0,1,0,
Malosan,malosan,Vijapur,VIJAPUR,1248.55,890,4393,2302,2091,WHEAT,BAJRI,JOWAR,4245,4276,1147.48,99.91,1,0,1,1,0,
Pamol,pamol,Vijapur,VIJAPUR,614.01,933,4570,2274,2296,WHEAT,BAJRI,COTTON,5380,8022,490.02,0.0,1,1,1,1,0,
Kelisana,kelisana,Vijapur,VISNAGAR,437.33,327,1656,863,793,CASTOR SEEDS,COTTON,MUSTARD,1425,1400,380.11,0.0,2,0,0,1,0,
Sayajinagar,sayajinagar,Vijapur,VISNAGAR,12.67,197,895,451,444,COTTON,POTATO,WHEAT,1046,1045,12.67,0.0,2,0,0,1,0,
Vadasan,vadasan,Vijapur,VISNAGAR,1013.87,529,2739,1396,1343,PADDY,BAJRI,WHEAT,2751,2673,883.0,0.0,2,0,0,1,0,
Dagavadiya,dagavadiya,Vijapur,VISNAGAR,275.07,481,2513,1302,1211,COTTON,CASTOR SEEDS,MUSTARD,1510,1500,254.64,0.0,2,0,0,1,0,
Asoda,asoda,Vijapur,VIJAPUR,645.54,234,1194,616,578,CASTOR SEEDS,COTTON,MUSTARD,1220,1215,612.89,0.0,2,0,0,1,0,
Manekpur Dabhala,manekpur dabhala,Vijapur,MAHESANA,213.89,164,878,451,427,WHEAT,MUSTARD,COTTON,636,689,181.57,0.0,2,0,0,1,0,
Dabhala,dabhala,Vijapur,MAHESANA,2269.82,1525,8354,4327,4027,COTTON,WHEAT,BAJRI,2623,2619,2035.41,0.0,2,0,0,1,0,
Devda,devda,Vijapur,VIJAPUR,516.8,555,2640,1347,1293,WHEAT,BAJRI,COTTON,642,687,435.01,0.0,2,0,0,1,0,
Sokhada,sokhada,Vijapur,VISNAGAR,616.47,362,1787,917,870,COTTON,CASTOR SEEDS,MUSTARD,919,814,537.36,12.6,2,0,0,1,0,
Gerita,gerita,Vijapur,VIJAPUR,1447.74,1114,5026,2596,2430,COTTON,CASTOR SEEDS,MUSTARD,775,675,1369.89,0.0,1,1,0,1,0,
Gavada,gavada,Vijapur,VIJAPUR,1406.95,1229,5873,2999,2874,WHEAT,BAJRI,COTTON,2210,2223,1249.29,0.0,1,1,0,1,0,
Vijapur(Rural) (Part),vijapur,Vijapur,VIJAPUR,3032.4,1929,10161,5344,4817,WHEAT,BAJRI,JOWAR,22250,18875,2236.64,216.25,1,1,1,1,0,
Hirpura,hirpura,Vijapur,VIJAPUR,857.62,747,3696,1930,1766,BAJRI,JOWAR,WHEAT,2677,2658,357.4,15.84,2,0,0,1,0,
Gadhada,gadhada,Vijapur,VIJAPUR,562.4,164,918,484,434,COTTON,TOBACCO,CASTOR SEEDS,852,848,203.11,0.0,2,0,0,1,0,
Ganeshpura,ganeshpura,Kadi,VIJAPUR,342.29,268,1418,720,698,WHEAT,BAJRI,MUSTARD,961,911,260.0,12.0,2,0,0,1,0,population_match
Devpura,devpura,Vijapur,VIJAPUR,487.05,381,2190,1127,1063,WHEAT,BAJRI,MUSTARD,3153,3149,223.73,86.83,2,0,0,1,0,
Kolavda,kolavda,Vijapur,VIJAPUR,708.38,907,4456,2319,2137,COTTON,MUSTARD,FLOWER,4009,4297,608.36,0.0,1,1,1,1,0,
Ubkhal,ubkhal,Vijapur,VIJAPUR,637.28,780,3900,2107,1793,COTTON,MUSTARD,CASTOR SEEDS,1853,1815,508.0,0.0,2,0,0,1,0,
Kukarvada,kukarvada,Vijapur,VISNAGAR,1442.26,2618,12700,6533,6167,BAJRI,COTTON,WHEAT,4816,5025,1295.44,0.0,1,1,2,1,0,
Vasai,vasai,Vijapur,VIJAPUR,1947.57,2504,12102,6268,5834,COTTON,WHEAT,MUSTARD,1197,1192,1723.6,13.6,1,1,1,1,0,population_match
Titodan,titodan,UNMATCHED,VIJAPUR,475.3,750,3619,1891,1728,WHEAT,BAJRI,COTTON,4693,4567,408.0,0.0,2,0,0,1,0,
Motipura,motipura,Vijapur,VIJAPUR,421.88,275,1331,693,638,WHEAT,BAJRI,COTTON,587,395,293.0,0.0,2,0,0,1,0,
Pilvai,pilvai,Vijapur,VIJAPUR,1660.34,1627,7925,4112,3813,COTTON,OIL SEEDS,MUSTARD,6547,6747,1487.6,0.0,2,0,0,1,0,
Khanusa,khanusa,Vijapur,VIJAPUR,678.68,745,4014,2352,1662,POTATO,BAJRI,WHEAT,836,810,525.15,59.0,2,0,0,1,0,
Kotadi,kotadi,Vijapur,VIJAPUR,553.67,647,3215,1698,1517,WHEAT,BAJRI,JOWAR,865,879,500.77,0.0,2,0,0,1,0,
Ranchhodpura,ranchhodpura,AMBIGUOUS:Becharaji/Unjha/Vijapur,VIJAPUR,96.8,110,535,273,262,WHEAT,BAJRI,COTTON,713,597,73.72,0.0,2,0,0,1,0,
Rampur Kuvayda,rampur kuvayda,Vijapur,VIJAPUR,429.74,237,1188,617,571,COTTON,MILK,TOBACCO,713,597,349.89,0.0,2,0,0,1,0,
Ghantudhanpura,ghantudhanpura,UNMATCHED,VIJAPUR,1369.65,862,4301,2221,2080,COTTON,TOBACCO,BAJRI,3561,3594,689.0,194.2,2,0,0,1,0,
Bhimpur Valor,bhimpur valor,Vijapur,,89.76,0,0,0,0,,,,0,0,0.0,0.0,0,0,0,0,0,
Sanghpur,sanghpur,Vijapur,VIJAPUR,1656.29,1089,5658,2926,2732,COTTON,CASTOR SEEDS,,8050,7899,1138.69,0.0,2,0,0,1,0,
Virta,virta,Mahesana,MAHESANA,617.24,470,2129,1096,1033,BAJRI,JOWAR,WHEAT,2876,2310,225.0,288.59,2,0,0,1,0,
Gorad,gorad,Mahesana,MAHESANA,869.52,640,3080,1573,1507,BAJRI,MUSTARD,COTTON,8418,8507,525.0,227.11,2,0,0,1,0,
Kharsada,kharsada,Mahesana,UNJHA,379.31,282,1400,721,679,COTTON,WHEAT,MUSTARD,840,673,298.49,58.7,2,0,0,1,0,
Davada,davada,Mahesana,UNJHA,431.17,387,2164,1104,1060,WHEAT,BAJRI,MUSTARD,1530,1491,215.0,138.9,2,0,0,1,0,
Rupal,rupal,Mahesana,MAHESANA,61.09,60,287,142,145,BAJRI,MUSTARD,COTTON,240,249,48.29,2.42,2,0,0,1,0,
Haripura,haripura,AMBIGUOUS:Kadi/Mahesana,MAHESANA,144.17,86,411,208,203,BAJRI,WHEAT,MUSTARD,360,883,116.79,7.22,2,0,0,1,0,
Buttapaldi,buttapaldi,Mahesana,MAHESANA,381.36,420,1994,1048,946,WHEAT,BAJRI,MUSTARD,217,204,334.83,24.14,2,0,0,1,0,
Motidau,motidau,Mahesana,MAHESANA,1542.16,948,4901,2492,2409,WHEAT,BAJRI,MUSTARD,463,449,980.61,284.66,2,0,0,1,0,
Bamosana,bamosana,Mahesana,MAHESANA,591.43,569,3197,1651,1546,WHEAT,MUSTARD,BAJRI,292,314,397.51,94.64,2,0,0,1,0,
Ghadha,ghadha,Mahesana,MAHESANA,659.05,312,1719,895,824,WHEAT,TUWAR,BAJRI,164,234,504.0,80.0,2,0,0,1,0,
Piludara,piludara,Mahesana,MAHESANA,1565.19,901,4551,2344,2207,BAJRI,WHEAT,MUSTARD,155,151,1125.6,216.87,1,1,0,1,0,
Nanidau,nanidau,Mahesana,MAHESANA,279.74,581,3051,1541,1510,BAJRI,WHEAT,MUSTARD,150,145,55.0,180.0,2,0,0,1,0,
Palodar,palodar,Mahesana,MAHESANA,1322.01,831,4225,2217,2008,WHEAT,BAJRI,MUSTARD,137,139,1092.0,21.32,2,0,0,1,0,
Chhathiyarda,chhathiyarda,Mahesana,MAHESANA,1208.58,1013,5549,2917,2632,WHEAT,BAJRI,MUSTARD,3012,273,580.0,475.61,2,0,0,1,0,
Aloda,aloda,Mahesana,MAHESANA,820.91,351,1835,956,879,BAJRI,MUSTARD,JEERU,989,1036,500.0,175.0,2,0,0,1,0,
Hardesan,hardesan,Mahesana,MAHESANA,355.68,142,754,406,348,BAJRI,WHEAT,MUSTARD,175,164,250.0,53.0,2,0,0,1,0,
Panchot,panchot,Mahesana,MAHESANA,1518.53,1554,7945,4138,3807,WHEAT,BAJRI,MUSTARD,132,120,628.58,675.83,1,1,0,1,0,
Ramosana,ramosana,Mahesana,MAHESANA,342.99,565,3097,1583,1514,BAJRI,WHEAT,MUSTARD,134,124,150.0,134.0,2,0,0,1,0,
Taleti,taleti,Mahesana,MAHESANA,455.28,331,1785,918,867,WHEAT,BAJRI,MUSTARD,1375,1235,317.24,80.0,2,0,0,1,0,
Tavadiya,tavadiya,Mahesana,MAHESANA,309.55,278,1568,813,755,WHEAT,BAJRI,COTTON,1072,978,251.89,20.0,2,0,0,1,0,
Chitrodipura,chitrodipura,Visnagar,MAHESANA,72.74,259,1391,727,664,BAJRI,WHEAT,COTTON,290,246,5.0,56.0,2,0,0,1,0,population_match
Dela,dela,Mahesana,MAHESANA,483.28,333,1881,973,908,WHEAT,MUSTARD,BAJRI,379,259,300.0,94.0,2,0,0,1,0,
Ucharpi,ucharpi,Mahesana,MAHESANA,213.67,154,841,447,394,WHEAT,MUSTARD,COTTON,947,927,150.0,37.0,2,0,0,1,0,
Dediyasan (Part),dediyasan,Mahesana,MAHESANA,728.62,733,3857,2019,1838,MUSTARD,JEERU,COTTON,162,195,325.0,237.18,2,0,0,1,0,
Gilosan,gilosan,Mahesana,MAHESANA,370.42,132,740,374,366,MUSTARD,JEERU,COTTON,255,221,181.79,145.5,2,0,0,1,0,
Bodla,bodla,Mahesana,MAHESANA,298.58,228,1145,588,557,WHEAT,BAJRI,MUSTARD,600,581,150.0,90.0,2,0,0,1,0,
Hinglajpura,hinglajpura,Mahesana,MAHESANA,225.66,141,723,363,360,WHEAT,BAJRI,MUSTARD,481,481,148.0,60.0,2,0,0,1,0,
Maguna,maguna,Mahesana,MAHESANA,882.87,678,3510,1846,1664,WHEAT,BAJRI,MUSTARD,902,815,470.87,209.0,2,0,0,1,0,
Nugar,nugar,Mahesana,MAHESANA,877.65,597,2938,1553,1385,WHEAT,BAJRI,JEERU,709,621,426.9,287.55,2,0,0,1,0,
Nagalpur (Part),nagalpur,UNMATCHED,MAHESANA,989.0,1295,6404,3366,3038,BAJRI,WHEAT,COTTON,3030,2008,250.0,357.0,2,0,0,1,0,
Lakhavad,lakhavad,Mahesana,MAHESANA,964.21,922,4497,2325,2172,WHEAT,BAJRI,MUSTARD,316,319,650.0,197.0,2,0,0,1,0,
Devrasan,devrasan,Mahesana,MAHESANA,514.93,624,3182,1639,1543,WHEAT,BAJRI,MUSTARD,108,82,175.19,246.68,2,0,0,1,0,
Rampura (Kukas),rampura,AMBIGUOUS:Mahesana/Visnagar,MAHESANA,212.38,201,1104,584,520,WHEAT,BAJRI,MUSTARD,93,111,140.36,39.39,2,0,0,1,0,
Kukas,kukas,Mahesana,MAHESANA,992.16,499,2640,1366,1274,WHEAT,BAJRI,COTTON,193,193,450.0,400.24,2,0,0,1,0,
Heduva Hanumat,heduva hanumat,Mahesana,MAHESANA,438.22,316,1480,782,698,WHEAT,BAJRI,MUSTARD,121,95,252.5,85.4,2,0,0,1,0,
Palwasana (Part),palwasana,Mahesana,MAHESANA,341.96,551,2743,1376,1367,WHEAT,BAJRI,MUSTARD,216,319,205.0,45.0,2,0,0,1,0,
Heduva-Rajgar,heduva rajgar,Mahesana,MAHESANA,463.35,232,1260,660,600,WHEAT,BAJRI,MUSTARD,145,140,260.0,116.08,2,0,0,1,0,
Karshanpura,karshanpura,AMBIGUOUS:Mahesana/Vadnagar,MAHESANA,169.96,128,729,379,350,WHEAT,BAJRI,MUSTARD,265,285,124.05,11.59,2,0,0,1,0,
Devinapura,devinapura,Mahesana,MAHESANA,467.11,234,1104,575,529,WHEAT,MUSTARD,JEERU,559,496,281.61,127.7,2,0,0,1,0,
Deloli,deloli,Mahesana,MAHESANA,657.87,373,1709,867,842,WHEAT,BAJRI,MUSTARD,1405,1165,413.0,127.87,2,0,0,1,0,
Ijpura Barot,ijpura barot,Mahesana,MAHESANA,183.59,151,709,355,354,BAJRI,WHEAT,MUSTARD,572,501,125.31,26.43,2,0,0,1,0,
Palaj,palaj,Mahesana,MAHESANA,1418.65,398,2058,1054,1004,WHEAT,BAJRI,MUSTARD,1402,1365,1163.35,40.0,2,0,0,1,0,
Gamanpura,gamanpura,Mahesana,MAHESANA,571.12,295,1509,759,750,WHEAT,MUSTARD,JEERU,985,879,389.0,80.0,2,0,0,1,0,population_match
Mitha,mitha,Mahesana,MAHESANA,813.84,342,1650,838,812,BAJRI,WHEAT,MUSTARD,1102,1035,512.84,135.1,2,0,0,1,0,
Sametra,sametra,Mahesana,MAHESANA,1055.6,554,2729,1438,1291,WHEAT,BAJRI,MUSTARD,1235,968,634.07,297.93,2,0,0,1,0,
Mareda,mareda,Mahesana,MAHESANA,348.07,461,2514,1290,1224,WHEAT,BAJRI,MUSTARD,164,179,250.0,52.42,2,0,0,1,0,
Vadosan,vadosan,Mahesana,MAHESANA,490.78,518,2813,1425,1388,WHEAT,BAJRI,MUSTARD,7261,551,390.0,40.0,2,0,0,1,0,
Sakhpurda,sakhpurda,Mahesana,MAHESANA,190.34,191,990,518,472,WHEAT,MUSTARD,BAJRI,12,27,155.0,10.34,2,0,0,1,0,
Sobhasan,sobhasan,Mahesana,MAHESANA,430.8,433,2230,1138,1092,WHEAT,BAJRI,MUSTARD,60,83,320.22,53.41,2,0,0,1,0,
Hebuva,hebuva,Mahesana,MAHESANA,285.66,258,1514,781,733,WHEAT,BAJRI,MUSTARD,30,32,207.49,62.24,2,0,0,1,0,
Kadvasan,kadvasan,Mahesana,MAHESANA,267.09,294,1527,782,745,WHEAT,BAJRI,MUSTARD,231,213,212.65,39.46,2,0,0,1,0,
Kherva,kherva,Mahesana,MAHESANA,2134.04,1663,8291,4262,4029,WHEAT,BAJRI,MUSTARD,425,311,1055.0,868.0,1,1,1,1,0,
Punasan,punasan,Mahesana,MAHESANA,341.11,426,2186,1125,1061,WHEAT,BAJRI,MUSTARD,457,582,253.46,59.95,2,0,0,1,0,
Mevad,mevad,Mahesana,MAHESANA,480.39,362,2093,1091,1002,WHEAT,BAJRI,MUSTARD,119,169,235.01,152.88,2,0,0,1,0,
Boriavi,boriavi,Mahesana,MAHESANA,1309.71,987,5496,2844,2652,WHEAT,BAJRI,MUSTARD,485,486,1060.0,94.71,2,0,0,1,0,
Khara,khara,Mahesana,MAHESANA,282.45,371,2047,1078,969,BAJRI,WHEAT,MUSTARD,1518,1468,135.85,50.37,2,0,0,1,0,
Laxmipura,laxmipura,Mahesana,MAHESANA,358.62,210,1206,605,601,BAJRI,MUSTARD,COTTON,435,422,108.41,54.65,2,0,0,1,0,population_match
Balol,balol,Mahesana,MAHESANA,1727.77,1125,5670,2916,2754,WHEAT,BAJRI,MUSTARD,437,495,1400.0,110.0,1,1,0,1,0,
Nadasa,nadasa,Mahesana,MAHESANA,983.26,556,2740,1382,1358,WHEAT,COTTON,MUSTARD,81,79,500.3,305.0,2,0,0,1,0,
Gokalpura,gokalpura,Mahesana,MAHESANA,318.5,136,639,314,325,WHEAT,BAJRI,MUSTARD,68,66,174.55,98.0,2,0,0,1,0,
Martoli,martoli,Mahesana,AMBALIYASAN,532.76,327,1459,744,715,WHEAT,COTTON,MUSTARD,1068,998,325.0,144.02,2,0,0,1,0,
Ajabpura,ajabpura,Mahesana,AMBALIYASAN,423.48,215,1070,563,507,COTTON,MUSTARD,CHILLY,89,84,321.54,65.0,2,0,0,1,0,population_match
Kasalpura,kasalpura,Mahesana,AMBALIYASAN,510.3,254,1276,668,608,CHILLY,WHEAT,BAJRI,81,76,287.18,161.09,2,0,0,1,0,
Modipur,modipur,Mahesana,AMBALIYASAN,316.5,221,1100,549,551,GRAINS,MUSTARD,COTTON,26,17,219.81,48.32,2,0,0,1,0,
Manknaj,manknaj,Mahesana,AMBALIYASAN,1753.97,812,3944,2050,1894,WHEAT,BAJRI,MUSTARD,181,198,1364.34,200.0,2,0,0,1,0,
Bhesana,bhesana,Mahesana,AMBALIYASAN,558.0,475,2590,1360,1230,JEERU,MUSTARD,GRAINS,87,75,491.23,1.0,2,0,0,1,0,
Jagudan,jagudan,Mahesana,MAHESANA,1183.38,1104,5502,2902,2600,WHEAT,BAJRI,MUSTARD,617,521,478.35,506.21,1,1,0,1,0,
Sanganpur,sanganpur,Mahesana,MAHESANA,603.7,558,2850,1480,1370,GRAINS,JEERU,COTTON,276,289,450.0,90.0,2,0,0,1,0,
Mulsan,mulsan,Mahesana,MAHESANA,1076.86,534,3068,1585,1483,GRAINS,JEERU,MUSTARD,216,220,730.74,218.0,2,0,0,1,0,
Padhariya,padhariya,Mahesana,MAHESANA,747.29,448,2244,1190,1054,GRAINS,JEERU,MUSTARD,80,108,522.53,100.0,2,0,0,1,0,
Dhandhusan,dhandhusan,Mahesana,MAHESANA,221.73,433,2027,1061,966,GRAINS,MUSTARD,COTTON,83,83,160.68,32.0,2,0,0,1,0,
Gojhariya,gojhariya,Mahesana,MANSA,1794.64,2689,13132,6832,6300,WHEAT,COTTON,BAJRI,10800,9430,1696.83,0.0,1,2,2,1,0,
Badalpura,badalpura,Mahesana,MAHESANA,122.28,188,950,471,479,BAJRI,WHEAT,COTTON,0,0,0.0,0.0,2,0,0,1,0,
Meu,meu,Mahesana,MAHESANA,2435.07,1354,7154,3770,3384,GRAINS,MUSTARD,JEERU,173,148,2069.16,65.31,1,1,0,1,0,
Balvantpura,balvantpura,Mahesana,MAHESANA,204.78,121,594,304,290,MILK,GRAINS,COTTON,462,442,87.52,79.26,2,0,0,1,0,
Akhaj,akhaj,Mahesana,AMBALIYASAN,1689.96,903,4778,2444,2334,GRAINS,JEERU,MUSTARD,309,321,1009.83,425.43,1,1,0,1,0,
Bhakadiya,bhakadiya,Mahesana,AMBALIYASAN,395.51,230,1194,617,577,GRAINS,JEERU,MUSTARD,181,159,196.23,157.11,2,0,0,1,0,
Geratpur,geratpur,Mahesana,AMBALIYASAN,103.13,50,258,140,118,JEERU,CASTOR SEEDS,GRAINS,0,0,48.34,40.21,2,0,0,1,0,
Kochva,kochva,Mahesana,MAHESANA,262.61,218,1128,606,522,GRAINS,JEERU,MUSTARD,331,360,95.9,128.24,2,0,0,1,0,
Ditasan,ditasan,Mahesana,AMBALIYASAN,235.35,204,1114,576,538,JEERU,MUSTARD,COTTON,35,32,150.0,55.0,2,0,0,1,0,
Linch,linch,Mahesana,AMBALIYASAN,1778.72,1889,9444,4900,4544,JEERU,MUSTARD,GRAINS,529,535,1189.97,394.0,1,1,0,1,0,
Ambasan,ambasan,Mahesana,AMBALIYASAN,1613.21,1001,4807,2452,2355,GRAINS,JEERU,CASTOR SEEDS,433,438,1400.0,37.54,1,0,1,1,0,
Ranipura,ranipura,Mahesana,AMBALIYASAN,198.93,174,851,443,408,CHILLY,GRAINS,CASTOR OIL,85,79,160.0,9.4,2,0,0,1,0,
Jotana,jotana,Mahesana,AMBALIYASAN,931.87,1512,7153,3753,3400,CHILLY,MUSTARD,GRAINS,1256,1222,605.0,190.0,1,1,1,1,0,
Santhal,santhal,Mahesana,AMBALIYASAN,1616.71,804,4102,2122,1980,WHEAT,CHILLY,JEERU,188,184,906.39,545.0,2,0,0,1,0,
Katosan,katosan,Mahesana,AMBALIYASAN,1400.42,707,3398,1723,1675,MUSTARD,CASTOR SEEDS,GRAINS,1819,1765,325.0,927.0,2,0,0,1,0,
Tejpura,tejpura,Mahesana,MAHESANA,402.73,198,963,474,489,GRAINS,JEERU,MUSTARD,120,115,80.05,278.0,2,0,0,1,0,
Kanpura,kanpura,Mahesana,MAHESANA,281.19,116,464,236,228,WHEAT,BAJRI,MUSTARD,90,85,68.0,177.58,2,0,0,1,0,
Rampura (Katosan),rampura,AMBIGUOUS:Mahesana/Visnagar,MAHESANA,850.01,336,1667,879,788,GRAINS,MUSTARD,JEERU,14,16,100.0,668.01,2,0,0,1,0,
Virsoda,virsoda,Mahesana,KADI,931.98,299,1370,707,663,GRAINS,MUSTARD,CASTOR SEEDS,18,14,260.0,591.0,2,0,0,1,0,
Dhanpura,dhanpura,Becharaji,AMBALIYASAN,583.09,180,839,430,409,GRAINS,MUSTARD,CASTOR SEEDS,565,506,136.0,370.0,2,0,0,1,0,population_match
Ijpura Jethaji,ijpura jethaji,Mahesana,MAHESANA,729.84,248,1201,609,592,JEERU,MUSTARD,CHILLY,159,145,400.78,284.68,2,0,0,1,0,
Memadpura,memadpura,UNMATCHED,AMBALIYASAN,504.5,422,2040,1043,997,GRAINS,MUSTARD,CASTOR SEEDS,167,168,281.98,135.0,2,0,0,1,0,
Jakasna,jakasna,Mahesana,MAHESANA,497.41,446,2212,1109,1103,BAJRI,WHEAT,MUSTARD,236,237,195.21,245.0,2,0,0,1,0,
Sidosan,sidosan,Mahesana,AMBALIYASAN,359.2,124,577,302,275,GRAINS,MUSTARD,CASTOR SEEDS,28,26,175.33,149.0,2,0,0,1,0,
Khadalpur,khadalpur,AMBIGUOUS:Mahesana/Visnagar,AMBALIYASAN,347.42,471,2275,1231,1044,GRAINS,MUSTARD,CASTOR SEEDS,128,137,290.0,13.0,2,0,0,1,0,
Baliyasan,baliyasan,UNMATCHED,AMBALIYASAN,517.63,897,4410,2647,1763,GRAINS,JEERU,CASTOR SEEDS,243,196,240.0,139.0,2,0,0,1,0,
Dholasan,dholasan,Mahesana,AMBALIYASAN,657.68,591,3267,1684,1583,GRAINS,MUSTARD,JEERU,158,160,500.0,56.0,2,0,0,1,0,population_match
Jetalpur,jetalpur,Mahesana,MAHESANA,322.16,247,1331,685,646,WHEAT,BAJRI,JEERU,203,202,220.0,57.0,2,0,0,1,0,
Chaluva,chaluva,Mahesana,AMBALIYASAN,860.64,635,3671,1915,1756,BAJRI,WHEAT,MUSTARD,85,74,290.22,465.65,2,0,0,1,0,
Langhnaj,langhnaj,Mahesana,AMBALIYASAN,2327.04,1857,9363,4909,4454,WHEAT,BAJRI,MUSTARD,578,577,1454.05,520.2,1,1,1,1,0,
Charadu,charadu,Mahesana,AMBALIYASAN,815.52,997,5235,2678,2557,GRAINS,MUSTARD,SESAME,59,78,600.0,104.0,2,0,0,1,0,
Saldi,saldi,Mahesana,AMBALIYASAN,522.13,649,2909,1485,1424,GRAINS,JEERU,MUSTARD,213,251,350.0,107.0,2,0,0,1,0,
Jamnapur,jamnapur,Mahesana,AMBALIYASAN,332.49,255,1334,691,643,WHEAT,BAJRI,MUSTARD,975,935,193.0,71.0,2,0,0,1,0,
Jornang,jornang,Mahesana,AMBALIYASAN,1379.85,1181,5945,3099,2846,JEERU,MUSTARD,CASTOR SEEDS,385,379,1150.1,51.75,2,0,0,1,0,
Mandali,mandali,AMBIGUOUS:Becharaji/Kheralu/Mahesana,AMBALIYASAN,582.17,550,3115,1650,1465,MUSTARD,CASTOR SEEDS,GRAINS,310,315,392.39,127.35,2,0,0,1,0,
Bhasariya,bhasariya,Mahesana,AMBALIYASAN,368.3,499,2586,1361,1225,GRAINS,MUSTARD,CASTOR SEEDS,366,360,250.0,60.0,2,0,0,1,0,
Divanpura-Alias-Apapura,divanpura alias apapura,Mahesana,AMBALIYASAN,357.12,343,1676,865,811,GRAINS,MUSTARD,CASTOR SEEDS,55,32,280.5,10.0,2,0,0,1,0,
Harsundal,harsundal,Mahesana,AMBALIYASAN,442.15,312,1702,891,811,GRAINS,MUSTARD,CASTOR SEEDS,34,10,310.0,79.0,2,0,0,1,0,
Mudarda,mudarda,Mahesana,AMBALIYASAN,863.1,666,3446,1806,1640,GRAINS,MUSTARD,CASTOR SEEDS,301,338,525.0,200.0,2,0,0,1,0,
Tundali,tundali,Mahesana,AMBALIYASAN,601.15,444,2375,1228,1147,GRAINS,MUSTARD,CASTOR SEEDS,156,192,446.8,91.2,2,0,0,1,0,
Navi Sedhavi,navi sedhavi,Mahesana,AMBALIYASAN,499.5,319,1638,871,767,MUSTARD,CASTOR SEEDS,COTTON,90,88,390.0,49.0,2,0,0,1,0,
Juni Sedhavi,juni sedhavi,Mahesana,AMBALIYASAN,454.44,274,1400,720,680,GRAINS,MUSTARD,COTTON,128,128,214.0,161.0,2,0,0,1,0,
Hadvi,hadvi,Mahesana,MAHESANA,318.45,127,674,350,324,GRAINS,JEERU,MUSTARD,19,17,250.0,30.45,2,0,0,1,0,
Vadasma,vadasma,Mahesana,AMBALIYASAN,2077.43,1187,6125,3205,2920,GRAINS,MUSTARD,CASTOR SEEDS,389,423,1583.43,236.57,2,0,0,1,0,
Kakasna,kakasna,Becharaji,MAHESANA,197.04,72,348,184,164,BAJRI,WHEAT,JOWAR,0,0,40.47,121.47,2,0,0,1,0,
Kanoda,kanoda,Becharaji,MAHESANA,1308.81,354,1653,860,793,BAJRI,MUSTARD,WHEAT,3694,3583,181.66,893.89,2,0,0,1,0,
Bhalgamda,bhalgamda,Becharaji,CHANASMA,151.85,193,1006,489,517,WHEAT,BAJRI,MUSTARD,685,668,30.1,83.72,2,0,0,1,0,
Gambhu,gambhu,Becharaji,CHANASMA,1649.42,855,4223,2121,2102,MUSTARD,CASTOR OIL,WHEAT,7731,7510,900.0,524.45,1,1,0,1,0,
Ajabpura,ajabpura,AMBIGUOUS:Becharaji/Mahesana,CHANASMA,240.16,85,340,192,148,BAJRI,MUSTARD,WHEAT,2367,2366,65.55,130.01,2,0,0,1,0,
Khambhel,khambhel,Becharaji,CHANASMA,1277.95,492,2534,1312,1222,BAJRI,JOWAR,MUSTARD,2062,2964,401.1,703.32,1,1,0,1,0,
Ambala,ambala,Becharaji,CHANASMA,726.7,429,2240,1185,1055,BAJRI,MUSTARD,WHEAT,1700,1851,300.0,372.79,2,0,0,1,0,
Mandali,mandali,AMBIGUOUS:Becharaji/Kheralu/Mahesana,CHANASMA,347.33,224,1343,666,677,BAJRI,PULSES,MUSTARD,834,526,150.0,111.01,2,0,0,1,0,
Chandroda,chandroda,Becharaji,HARIJ,1324.34,302,1573,817,756,JOWAR,BAJRI,MUSTARD,2220,2200,600.0,331.0,2,0,0,1,0,
Surpura,surpura,AMBIGUOUS:Becharaji/Unjha,CHANASMA,801.39,236,1277,643,634,BAJRI,JOWAR,WHEAT,1870,1855,450.0,225.5,2,0,0,1,0,
Venpura,venpura,Becharaji,CHANASMA,373.87,221,1013,508,505,MILK,JOWAR,CLOTH,1232,1233,205.0,100.33,2,0,0,1,0,
Adivada,adivada,Becharaji,CHANASMA,793.52,376,1850,920,930,GRAINS,MILK,COTTON,1529,1249,240.0,392.0,2,0,0,1,0,
Modhera,modhera,Becharaji,CHANASMA,2436.13,1187,5908,3041,2867,MUSTARD,WHEAT,CASTOR OIL,4695,4579,1200.0,916.56,1,1,1,1,0,
Vijapurda,vijapurda,Becharaji,CHANASMA,600.11,269,1288,652,636,BAJRI,WHEAT,CASTOR OIL,2341,2359,400.0,47.0,2,0,0,1,0,
Dedarda,dedarda,Becharaji,MAHESANA,184.97,93,452,224,228,WHEAT,MUSTARD,CASTOR OIL,0,0,130.0,12.0,2,0,0,1,0,
Ranela,ranela,Becharaji,MAHESANA,603.82,416,2121,1072,1049,MUSTARD,BAJRI,JOWAR,1195,804,200.0,257.44,2,0,0,1,0,
Motap,motap,Becharaji,MAHESANA,890.77,627,3092,1540,1552,WHEAT,MUSTARD,BAJRI,34,32,620.33,229.51,2,0,0,1,0,
Saduthla,saduthla,Becharaji,MAHESANA,372.34,305,1520,747,773,BAJRI,JOWAR,MUSTARD,1351,1302,215.0,124.76,2,0,0,1,0,
Udela,udela,Becharaji,MAHESANA,277.26,69,345,178,167,WHEAT,MUSTARD,BAJRI,213,204,118.91,85.66,2,0,0,1,0,
Jetpur,jetpur,Becharaji,MAHESANA,825.95,484,2635,1368,1267,BAJRI,MUSTARD,COTTON,2095,2239,350.0,261.0,2,0,0,1,0,
Ranchhodpura,ranchhodpura,Vijapur,CHANASMA,408.02,107,547,277,270,WHEAT,BAJRI,COTTON,329,318,114.2,243.8,2,0,0,1,0,population_match
Karansagar,karansagar,Becharaji,CHANASMA,1194.67,176,1024,510,514,BAJRI,WHEAT,CASTOR SEEDS,819,799,194.8,799.24,2,0,0,1,0,
Matrasan,matrasan,Becharaji,CHANASMA,499.72,126,759,406,353,MUSTARD,CASTOR SEEDS,BAJRI,13,18,156.1,227.93,2,0,0,1,0,
Sujanpura,sujanpura,Becharaji,CHANASMA,483.14,134,749,379,370,WHEAT,BAJRI,JOWAR,203,203,297.0,100.0,2,0,0,1,0,
Poyda,poyda,Becharaji,CHANASMA,275.44,134,723,378,345,BAJRI,JOWAR,CASTOR SEEDS,0,0,150.0,80.0,2,0,0,1,0,
Delvada Khant,delvada khant,Becharaji,CHANASMA,1013.78,331,1878,940,938,MUSTARD,WHEAT,BAJRI,2016,2008,250.0,587.12,2,0,0,1,0,
Delpura Khant,delpura khant,Becharaji,CHANASMA,676.54,303,1343,709,634,JOWAR,BAJRI,CASTOR SEEDS,1949,1944,356.0,200.0,2,0,0,1,0,
Dodivada,dodivada,Becharaji,CHANASMA,993.66,420,2111,1077,1034,BAJRI,JOWAR,MUSTARD,1220,1197,400.0,414.09,2,0,0,1,0,
Sanpavada,sanpavada,Becharaji,CHANASMA,1310.28,427,2385,1223,1162,BAJRI,JOWAR,WHEAT,521,464,425.15,574.37,2,0,0,1,0,
Suraj,suraj,AMBIGUOUS:Becharaji/Kadi,CHANASMA,1195.89,291,1619,861,758,JOWAR,BAJRI,MUSTARD,570,550,325.15,740.72,2,0,0,1,0,
Finchdi,finchdi,Becharaji,CHANASMA,750.62,393,2074,1075,999,BAJRI,JAGGERY,MUSTARD,298,329,518.25,110.05,2,0,0,1,0,
Sankhalpur,sankhalpur,Becharaji,CHANASMA,1935.05,828,3947,2006,1941,COTTON,BAJRI,WHEAT,1645,1716,1484.13,150.13,2,0,0,1,0,
Edala,edala,Becharaji,CHANASMA,942.79,271,1345,714,631,JOWAR,BAJRI,WHEAT,1176,1179,300.0,461.53,2,0,0,1,0,
Ganeshpura,ganeshpura,Becharaji,CHANASMA,0.0,345,1590,812,778,PULSES,MUSTARD,BAJRI,780,484,0.0,0.0,2,0,0,1,0,population_match
Dharpura-Khant,dharpura khant,Becharaji,CHANASMA,553.47,374,1801,878,923,JOWAR,BAJRI,COTTON,360,347,0.0,460.51,2,0,0,1,0,
Chhatasana,chhatasana,Becharaji,CHANASMA,453.67,127,625,320,305,BAJRI,WHEAT,MUSTARD,226,215,270.0,109.37,2,0,0,1,0,
Dhanpura,dhanpura,Becharaji,CHANASMA,298.63,151,737,379,358,BAJRI,JOWAR,WHEAT,523,549,50.0,218.38,2,0,0,1,0,population_match
Vanpur,vanpur,Becharaji,CHANASMA,185.64,24,148,74,74,BAJRI,JOWAR,MUSTARD,0,0,95.0,59.32,2,0,0,1,0,
Asjol,asjol,Becharaji,MAHESANA,872.02,456,2282,1167,1115,JOWAR,BAJRI,WHEAT,3099,3114,400.0,309.0,2,0,0,1,0,
Indrap,indrap,Becharaji,MAHESANA,423.22,123,687,351,336,COTTON,WHEAT,BAJRI,2298,2401,300.0,66.35,2,0,0,1,0,
Chadasna,chadasna,Becharaji,MAHESANA,552.41,304,1520,765,755,BAJRI,PULSES,COTTON,2888,3270,100.0,380.0,1,1,0,1,0,population_match
Kalri,kalri,Becharaji,CHANASMA,1654.26,383,1962,1031,931,BAJRI,WHEAT,MUSTARD,1440,1613,700.29,636.36,2,0,0,1,0,
Bechar Alias Becharaji,bechar alias becharaji,UNMATCHED,CHANASMA,877.0,2174,10672,5583,5089,BAJRI,WHEAT,MUSTARD,9000,8000,350.0,247.23,1,2,2,1,0,
Pratapgadh,pratapgadh,Becharaji,CHANASMA,387.97,141,619,313,306,BAJRI,WHEAT,MUSTARD,97,101,50.0,318.36,2,0,0,1,0,
Devgadh,devgadh,Becharaji,MAHESANA,545.87,155,617,303,314,BAJRI,WHEAT,CASTOR SEEDS,893,1042,50.0,456.71,2,0,0,1,0,
Ruppura Karanpura,ruppura karanpura,Becharaji,MAHESANA,1071.67,525,2339,1210,1129,BAJRI,WHEAT,JEERU,2283,2296,400.0,277.61,2,0,0,1,0,
Rantej,rantej,Becharaji,MAHESANA,1941.66,644,3179,1646,1533,WHEAT,MUSTARD,BAJRI,8295,8424,530.0,1238.66,2,0,0,1,0,
Dethli,dethli,Becharaji,MAHESANA,1039.4,245,1150,605,545,WHEAT,BAJRI,CASTOR SEEDS,1460,1407,115.0,800.78,2,0,0,1,0,
Chandanki,chandanki,Becharaji,CHANASMA,524.21,88,318,149,169,BAJRI,MUSTARD,WHEAT,1911,1900,50.08,438.03,2,0,0,1,0,
Dedana,dedana,Becharaji,MAHESANA,1674.81,447,2238,1126,1112,BAJRI,JOWAR,MUSTARD,567,485,310.2,1211.63,2,0,0,1,0,
Bariyaf,bariyaf,Becharaji,MAHESANA,559.98,179,817,420,397,BAJRI,WHEAT,JOWAR,186,195,60.0,426.15,2,0,0,1,0,
Akba,akba,Becharaji,MAHESANA,776.1,286,1530,783,747,WHEAT,BAJRI,CASTOR SEEDS,2669,2653,80.0,617.07,2,0,0,1,0,
Chalasan,chalasan,Kadi,KADI,509.89,347,1953,1028,925,MILK,BAJRI,JOWAR,1444,1381,315.0,134.0,2,0,0,1,0,
Dholasan,dholasan,AMBIGUOUS:Kadi/Mahesana,KADI,384.52,215,1088,583,505,WHEAT,BAJRI,CASTOR OIL,1627,1624,268.88,39.1,2,0,0,1,0,
Alampur,alampur,Kadi,KADI,155.32,145,880,455,425,WHEAT,BAJRI,CASTOR OIL,821,821,100.0,30.91,2,0,0,1,0,
Dhanali,dhanali,Kadi,KADI,453.76,493,2436,1245,1191,MILK,COTTON,WHEAT,627,743,360.0,49.75,2,0,0,1,0,
Ganeshpura,ganeshpura,Kadi,KADI,344.48,297,1494,753,741,WHEAT,JOWAR,MUSTARD,622,850,200.0,93.25,2,0,0,1,0,population_match
Kaiyal,kaiyal,Kadi,KADI,1100.93,694,3608,1850,1758,BAJRI,JOWAR,WHEAT,1683,1550,679.0,300.11,2,0,0,1,0,
Tankiya,tankiya,Kadi,KADI,223.92,218,1098,556,542,WHEAT,BAJRI,VEGETABLES,1215,1028,130.35,45.38,2,0,0,1,1,
Karjisan,karjisan,Kadi,KADI,567.28,630,3069,1547,1522,WHEAT,PULSES,VEGETABLES,3097,2838,350.09,150.07,1,0,1,1,0,
Dangarva,dangarva,Kadi,KADI,1800.66,1167,5716,2959,2757,BAJRI,WHEAT,MILK,999,977,1260.2,313.87,1,1,0,1,0,
Anandpura,anandpura,Kadi,KADI,316.09,225,1167,618,549,WHEAT,CASTOR OIL,VEGETABLES,1082,897,255.08,4.91,2,0,0,1,0,population_match
Nandasan,nandasan,Kadi,KADI,1618.62,1884,10222,5344,4878,WHEAT,JOWAR,VEGETABLES,1799,1562,772.28,629.92,1,1,0,1,0,
Mathasur,mathasur,Kadi,KADI,771.57,493,2490,1253,1237,WHEAT,CASTOR OIL,MUSTARD,2531,2205,475.15,211.18,2,0,0,1,0,
Bhatasan,bhatasan,Kadi,KADI,494.04,380,1813,907,906,MILK,WHEAT,CASTOR OIL,1243,1145,373.08,67.04,2,0,0,1,0,
Suraj,suraj,Kadi,KADI,1335.62,921,4608,2384,2224,WHEAT,BAJRI,MILK,2484,2456,780.4,343.29,1,1,0,1,0,population_match
Moyan,moyan,Kadi,KADI,255.96,138,732,399,333,WHEAT,COTTON,JOWAR,1925,1922,110.0,105.67,2,0,0,1,1,
Dhandhalpur,dhandhalpur,Kadi,KADI,199.8,87,443,223,220,WHEAT,BAJRI,JOWAR,2747,3183,85.7,79.79,2,0,0,1,0,
Chhalesra,chhalesra,Kadi,KADI,208.86,319,1410,831,579,WHEAT,PULSES,JOWAR,1662,1452,102.6,72.6,2,0,0,1,0,
Digdi,digdi,Kadi,KADI,346.54,202,1023,527,496,WHEAT,JOWAR,BAJRI,1591,1586,223.35,50.35,2,0,0,1,0,
Mokasan,mokasan,Kadi,KADI,468.23,358,1564,813,751,MILK,WHEAT,BAJRI,2687,2428,305.44,107.6,2,0,0,1,0,
Jasalpur,jasalpur,Kadi,KADI,744.59,541,2539,1297,1242,WHEAT,JOWAR,COTTON,5552,5275,550.12,122.08,2,0,0,1,0,
Kherpur,kherpur,Kadi,KADI,453.72,312,1546,778,768,WHEAT,BAJRI,CASTOR OIL,1164,1207,355.5,58.2,2,0,0,1,0,
Lakshmipura (Nandasan),lakshmipura,Kadi,KADI,0.0,315,1542,788,754,WHEAT,JOWAR,BAJRI,445,318,0.0,0.0,2,0,0,1,0,population_match
Chandarda,chandarda,Kadi,KALOL,289.49,333,1797,935,862,WHEAT,BAJRI,COTTON,1357,1446,140.47,110.97,1,1,0,1,0,
Vadu,vadu,Kadi,KALOL,1086.73,803,3845,1974,1871,MILK,WHEAT,BAJRI,3001,3021,780.12,178.19,1,1,0,1,0,population_match
Narola,narola,Kadi,KALOL,326.43,433,2365,1231,1134,MILK,WHEAT,BAJRI,1684,1673,145.13,138.74,2,0,0,1,0,
Ghumasan,ghumasan,Kadi,KALOL,908.75,875,4222,2197,2025,WHEAT,BAJRI,COTTON,1357,1446,725.15,33.83,1,0,1,1,0,
Rajpur,rajpur,Kadi,KADI,1790.11,1707,8253,4390,3863,MILK,WHEAT,BAJRI,34556,21049,1100.5,296.73,1,1,0,1,0,population_match
Sarsav,sarsav,Kadi,KADI,886.94,479,2376,1225,1151,BAJRI,WHEAT,MILK,1603,1154,550.7,247.07,2,0,0,1,0,
Aldesan,aldesan,Kadi,KADI,626.91,437,2129,1097,1032,BAJRI,WHEAT,CASTOR OIL,1108,827,420.14,138.72,2,0,0,1,0,
Visalpur,visalpur,Kadi,KADI,124.1,223,1213,634,579,WHEAT,PADDY,JOWAR,1907,1496,75.5,14.69,2,0,0,1,0,
Nagarasan,nagarasan,Kadi,KADI,650.79,335,1718,899,819,PADDY,COTTON,JOWAR,3845,3235,421.18,128.7,2,0,0,1,0,
Deusana,deusana,Kadi,KADI,1036.3,377,1873,958,915,WHEAT,PADDY,JOWAR,1020,1091,670.19,193.23,2,0,0,1,0,
Jadavpura,jadavpura,Kadi,KADI,558.08,99,558,301,257,BAJRI,WHEAT,JOWAR,2115,2111,434.0,65.04,2,0,0,1,0,
Alusna,alusna,Kadi,KADI,146.64,81,401,205,196,PADDY,JOWAR,BAJRI,0,0,65.15,64.39,2,0,0,1,0,
Sadra,sadra,Kadi,KADI,696.04,502,2308,1164,1144,PADDY,COTTON,JOWAR,843,789,420.18,180.49,2,0,0,1,0,
Dhoriya,dhoriya,Kadi,KADI,179.67,240,1193,637,556,PADDY,COTTON,MILK,593,536,112.0,49.87,2,0,0,1,0,
Haripura,haripura,Kadi,KADI,274.87,56,235,116,119,PADDY,COTTON,JEERU,798,314,115.0,124.22,2,0,0,1,0,population_match
Naranpura,naranpura,Kadi,KADI,343.63,61,247,124,123,BAJRI,CASTOR SEEDS,WHEAT,1735,1723,21.16,314.67,2,0,0,1,0,
Charol,charol,Kadi,KADI,1261.02,346,1629,847,782,WHEAT,BAJRI,JEERU,209,206,439.13,637.06,2,0,0,1,0,
Babajipura,babajipura,Kadi,KADI,335.28,140,681,363,318,JOWAR,PADDY,WHEAT,141,130,174.0,115.66,2,0,0,1,0,
Balasar,balasar,Kadi,KADI,1747.0,524,2587,1342,1245,JOWAR,BAJRI,PADDY,898,888,432.0,983.25,2,0,0,1,0,
Adudra,adudra,Kadi,KADI,1062.36,573,2997,1587,1410,JOWAR,BAJRI,CASTOR OIL,2531,2517,565.15,327.62,2,0,0,1,0,
Lakshmipura,lakshmipura,AMBIGUOUS:Kadi,KADI,264.83,135,687,360,327,JOWAR,BAJRI,PADDY,986,1011,185.45,48.73,2,0,0,1,0,
Untva,untva,Kadi,KADI,880.73,377,1925,1013,912,COTTON,PADDY,MILK,4318,4288,548.4,229.71,2,0,0,1,0,
Kundal (Part),kundal,Kadi,KADI,634.68,1064,5700,3025,2675,WHEAT,VEGETABLES,CASTOR OIL,493,547,475.15,20.59,2,0,0,1,0,
Irana,irana,Kadi,KADI,906.14,535,2970,1514,1456,BAJRI,WHEAT,PADDY,1490,1275,581.21,195.47,2,0,0,1,0,
Jhulasan,jhulasan,Kadi,KALOL,915.46,1046,4892,2555,2337,BAJRI,WHEAT,VEGETABLES,2253,2746,587.7,191.91,1,0,1,1,0,
Ambavpura,ambavpura,Kadi,KALOL,250.62,254,1256,666,590,GRAINS,MILK,BAJRI,461,419,175.2,34.57,2,0,0,1,0,
Chadasna,chadasna,AMBIGUOUS:Becharaji/Kadi,KALOL,437.1,325,1739,915,824,PADDY,WHEAT,BAJRI,271,244,361.76,17.8,2,0,0,1,0,
Indrad,indrad,Kadi,KADI,1063.52,878,4289,2282,2007,WHEAT,COTTON,JOWAR,2584,2507,395.15,271.76,2,0,0,1,0,
Budasan,budasan,Kadi,KADI,662.23,821,3436,1924,1512,BAJRI,WHEAT,COTTON,7266,1268,360.0,130.67,2,0,0,1,0,
Nani Kadi (Part),nani kadi,Kadi,KADI,1032.22,572,2945,1560,1385,COTTON,PADDY,GRAINS,2027,1727,629.32,217.54,2,0,0,1,0,
Narsihpura,narsihpura,Kadi,KADI,286.39,320,1505,777,728,WHEAT,PADDY,COTTON,1143,1112,176.25,77.27,2,0,0,1,0,
Sujatpura,sujatpura,Kadi,KADI,173.42,230,1086,550,536,BAJRI,WHEAT,PADDY,531,524,101.25,43.11,2,0,0,1,0,
Thadod,thadod,Kadi,KADI,782.28,153,643,321,322,BAJRI,COTTON,WHEAT,175,168,175.0,532.81,2,0,0,1,0,
Visatpura,visatpura,Kadi,KADI,394.95,371,1299,650,649,BAJRI,WHEAT,JOWAR,456,467,265.2,64.88,2,0,0,1,0,
Galodra,galodra,Kadi,KADI,781.25,143,660,360,300,PADDY,COTTON,JEERU,998,988,160.15,394.99,2,0,0,1,0,
Korda,korda,Kadi,KADI,1373.27,370,1624,848,776,WHEAT,PADDY,VEGETABLES,954,1132,835.58,417.78,2,0,0,1,0,
Sendrana,sendrana,Kadi,KADI,717.99,220,1044,547,497,BAJRI,JOWAR,WHEAT,1116,1107,230.0,407.71,2,0,0,1,0,
Khandmorva,khandmorva,Kadi,KADI,294.88,55,324,160,164,PADDY,WHEAT,VEGETABLES,0,0,88.09,176.19,2,0,0,1,0,
Kasva,kasva,Kadi,KADI,882.17,490,2158,1158,1000,PADDY,COTTON,WHEAT,817,694,625.6,162.55,2,0,0,1,0,
Vidaj,vidaj,Kadi,KADI,919.96,519,2636,1388,1248,PADDY,BAJRI,WHEAT,1033,1019,640.1,146.52,2,0,0,1,0,
Dudhai,dudhai,Kadi,KADI,208.44,117,636,326,310,PADDY,WHEAT,COTTON,478,452,125.96,33.65,2,0,0,1,0,
Shiyapura,shiyapura,Kadi,KADI,366.36,185,952,495,457,PADDY,WHEAT,COTTON,545,539,175.2,142.32,2,0,0,1,0,
Rangpurda,rangpurda,Kadi,KADI,444.76,349,1614,847,767,VEGETABLES,BAJRI,JOWAR,423,403,191.14,141.2,2,0,0,1,0,
Pirojpur,pirojpur,Kadi,KADI,334.2,230,1113,589,524,BAJRI,CASTOR OIL,WHEAT,313,290,180.6,76.46,2,0,0,1,0,
Karannagar,karannagar,Kadi,KADI,1578.52,1315,6234,3290,2944,WHEAT,COTTON,JEERU,45915,16809,915.75,317.91,1,1,1,1,0,
Ankhol,ankhol,Kadi,KADI,146.86,331,1584,855,729,WHEAT,BAJRI,PADDY,384,392,46.42,47.48,2,0,0,1,0,
Achrasan,achrasan,Kadi,KADI,470.06,342,1662,842,820,WHEAT,CASTOR OIL,JOWAR,250,246,264.15,151.62,2,0,0,1,0,
Lunasan,lunasan,Kadi,KALOL,457.92,435,2171,1142,1029,BAJRI,WHEAT,CASTOR OIL,657,686,195.2,205.44,2,0,0,1,0,
Vansol,vansol,Kadi,KALOL,330.55,308,1556,805,751,WHEAT,BAJRI,JOWAR,818,820,103.45,146.47,2,0,0,1,0,
Vamaj,vamaj,Kadi,KALOL,1756.45,846,4357,2448,1909,WHEAT,PADDY,BAJRI,2596,2651,689.93,827.74,1,1,1,1,0,
Fuletra,fuletra,Kadi,KADI,1046.73,554,2884,1496,1388,PADDY,WHEAT,JOWAR,442,380,370.3,379.09,2,0,0,1,0,
Borisana,borisana,Kadi,KADI,876.47,478,2403,1279,1124,PADDY,BAJRI,WHEAT,2069,1503,333.15,411.43,2,0,0,1,0,
Jetpura,jetpura,Kadi,KADI,185.74,180,897,462,435,PADDY,BAJRI,JOWAR,878,842,53.2,102.49,2,0,0,1,0,
Rozapuri,rozapuri,Kadi,KADI,105.91,45,205,104,101,PADDY,COTTON,WHEAT,0,0,66.17,23.6,2,0,0,1,0,
Daran Morva,daran morva,Kadi,KADI,304.04,127,596,301,295,COTTON,BAJRI,PADDY,177,98,167.28,98.35,2,0,0,1,0,
Sedardi,sedardi,Kadi,KADI,605.15,222,1021,533,488,COTTON,WHEAT,BAJRI,253,238,250.4,291.62,2,0,0,1,0,
Ghughla,ghughla,Kadi,KADI,382.99,137,659,369,290,WHEAT,PADDY,VEGETABLES,0,0,109.24,218.49,2,0,0,1,0,
Maharajpura,maharajpura,Kadi,KADI,647.06,189,811,424,387,COTTON,WHEAT,PADDY,666,642,400.8,203.0,2,0,0,1,0,
Vaghroda,vaghroda,Kadi,VIRAMGAM,1323.2,370,1735,923,812,PADDY,BAJRI,WHEAT,2502,2442,120.0,1102.62,2,0,0,1,0,
Bhalthi,bhalthi,Kadi,KADI,712.64,514,1973,1011,962,COTTON,BAJRI,WHEAT,3036,2901,345.9,276.19,2,0,0,1,0,
Khavad,khavad,Kadi,KADI,1951.69,698,3101,1667,1434,PADDY,BAJRI,WHEAT,1819,1768,980.92,752.25,1,1,0,1,0,
Daran,daran,Kadi,KADI,1327.36,795,3542,1832,1710,COTTON,BAJRI,WHEAT,7884,7867,820.0,331.64,1,0,1,1,0,
Lhor,lhor,Kadi,KADI,828.74,286,1436,736,700,BAJRI,WHEAT,PADDY,140,120,322.73,346.42,2,0,0,1,0,
Manipur,manipur,Kadi,KADI,671.96,287,1256,663,593,VEGETABLES,PULSES,BAJRI,1218,1226,384.04,205.28,2,0,0,1,0,
Karsanpura,karsanpura,Kadi,KADI,134.12,219,986,505,481,PADDY,BAJRI,WHEAT,955,947,69.54,40.16,2,0,0,1,0,
Merda,merda,Kadi,KADI,274.38,74,392,213,179,PADDY,CASTOR OIL,MUSTARD,382,346,89.15,140.25,2,0,0,1,0,
Adraj,adraj,Kadi,KALOL,1575.09,1035,5480,2937,2543,PADDY,BAJRI,WHEAT,5882,5787,973.15,371.36,1,0,1,1,0,
Vadavi,vadavi,Kadi,KADI,940.38,537,2745,1410,1335,BAJRI,MUSTARD,WHEAT,737,639,425.45,374.7,2,0,0,1,0,
Ambliyara,ambliyara,Kadi,KADI,452.89,238,1161,601,560,PADDY,JOWAR,CASTOR SEEDS,382,444,235.48,148.81,2,0,0,1,0,
Lakshmanpura,lakshmanpura,Kadi,KADI,818.65,309,1329,687,642,JEERU,WHEAT,BAJRI,235,193,359.15,324.56,2,0,0,1,0,
Kolad,kolad,Kadi,KADI,647.22,295,1452,763,689,WHEAT,BAJRI,JOWAR,147,140,236.0,322.33,2,0,0,1,0,
Nanpurasonvad,nanpurasonvad,Kadi,KADI,249.72,142,600,316,284,WHEAT,PADDY,BAJRI,384,388,190.2,30.1,2,0,0,1,0,
Nadoliya,nadoliya,Kadi,KADI,353.37,110,529,262,267,PADDY,BAJRI,COTTON,250,267,290.28,25.34,2,0,0,1,0,
Vekra,vekra,Kadi,KADI,1241.32,345,1625,859,766,COTTON,PADDY,VEGETABLES,1256,1220,470.0,648.25,2,0,0,1,0,
Varkhadia,varkhadia,Kadi,KADI,732.26,350,1891,993,898,COTTON,BAJRI,WHEAT,150,150,115.0,537.64,2,0,0,1,0,
Fattehpura,fattehpura,Kadi,KADI,149.72,63,354,188,166,BAJRI,WHEAT,COTTON,2980,1484,62.2,68.93,2,0,0,1,0,
Jamiyatpura,jamiyatpura,Kadi,KADI,200.62,88,445,238,207,COTTON,CASTOR SEEDS,JOWAR,0,0,40.7,140.02,2,0,0,1,0,
Vinayakpura,vinayakpura,Kadi,KADI,93.69,101,453,235,218,COTTON,CASTOR SEEDS,JOWAR,149,142,30.6,49.07,2,0,0,1,0,
Bavlu,bavlu,Kadi,KADI,1608.18,671,3316,1705,1611,CASTOR SEEDS,COTTON,BAJRI,548,579,541.0,540.26,2,0,0,1,0,
Jhaloda,jhaloda,Kadi,SANAND,1123.34,442,2646,1346,1300,PADDY,CASTOR SEEDS,MUSTARD,1013,1114,365.25,584.31,2,0,0,1,0,
Sedfa,sedfa,Kadi,KADI,231.58,49,266,127,139,BAJRI,MUSTARD,COTTON,0,0,75.18,129.82,2,0,0,1,0,
Thol,thol,Kadi,SANAND,2627.61,1188,6121,3186,2935,PADDY,WHEAT,BAJRI,5816,5114,800.0,855.08,1,1,0,1,0,
Kanjari,kanjari,Kadi,SANAND,1074.28,262,1339,684,655,TOMATO,BAJRI,MUSTARD,1328,9922,170.15,774.53,2,0,0,1,0,
Medha,medha,Kadi,KADI,661.74,335,1413,712,701,PADDY,WHEAT,COTTON,2255,2286,520.2,57.0,2,0,0,1,0,
Agol,agol,Kadi,KADI,1557.96,828,3988,2049,1939,PADDY,WHEAT,CASTOR OIL,606,615,389.32,1021.36,2,0,0,1,0,
Jesangpura,jesangpura,Kadi,KADI,450.01,233,980,494,486,COTTON,BAJRI,WHEAT,2724,2765,180.2,217.29,2,0,0,1,0,
Ishvarpura,ishvarpura,Kadi,KADI,102.16,59,264,139,125,BAJRI,COTTON,VEGETABLES,0,0,26.39,65.66,2,0,0,1,0,
Palli,palli,Kadi,VIRAMGAM,909.01,236,1147,572,575,COTTON,BAJRI,CASTOR SEEDS,1172,1157,450.0,357.82,2,0,0,1,0,
Kalyanpura,kalyanpura,Kadi,VIRAMGAM,622.82,845,3735,1946,1789,CASTOR SEEDS,JOWAR,BAJRI,1866,1744,369.05,166.09,1,1,1,1,0,
Valavdi,valavdi,Kadi,VIRAMGAM,450.53,195,1007,527,480,BAJRI,COTTON,JEERU,0,0,130.35,256.21,2,0,0,1,0,
Della,della,Kadi,KADI,373.77,178,964,498,466,COTTON,BAJRI,JEERU,327,328,45.0,282.14,2,0,0,1,0,
Panthoda,panthoda,Kadi,KADI,573.44,326,1760,904,856,BAJRI,WHEAT,CASTOR OIL,900,640,68.0,450.61,2,0,0,1,0,
Nadan,nadan,Kadi,SANAND,1224.91,230,1279,742,537,PADDY,COTTON,JOWAR,261,280,128.45,919.67,2,0,0,1,0,
Khanderavpura,khanderavpura,Kadi,SANAND,246.22,315,1355,695,660,VEGETABLES,CASTOR OIL,COTTON,467,466,60.1,155.13,2,0,0,1,0,
Govindpura,govindpura,Kadi,SANAND,410.1,169,767,391,376,PADDY,COTTON,JOWAR,131,448,123.47,216.11,2,0,0,1,0,
Chandrasan,chandrasan,Kadi,SANAND,1120.79,412,2041,1060,981,PADDY,COTTON,BAJRI,2504,2255,490.15,371.08,1,1,0,1,0,
Yashvantpura,yashvantpura,Kadi,SANAND,367.21,176,781,399,382,PADDY,COTTON,BAJRI,2092,2709,170.3,113.52,2,0,0,1,0,
