id,district,taluka,business_sector,business_type,msme_category,annual_turnover_inr,gst_rate_percent,illustrative_annual_gst_on_turnover_inr,indicative_loan_amount_inr,indicative_interest_rate_percent_pa,potential_interest_subsidy_percent,loan_tenure_years,estimated_monthly_emi_inr,government_or_finance_scheme,data_status,taluka_norm,district_norm
MH-FIN-001,Mahesana,Mehsana,Food Processing,Potato processing,Micro,1200000,5,60000.0,800000,10.5,5,5,17195.12,MSME Interest Subsidy,Illustrative model row; verify eligibility/rate with lender and current scheme,mehsana,mahesana
MH-FIN-002,Mahesana,Mehsana,Food Processing,Spice grinding,Micro,1500000,5,75000.0,1000000,10.5,5,5,21493.9,MSME Interest Subsidy,Illustrative model row; verify eligibility/rate with lender and current scheme,mehsana,mahesana
MH-FIN-003,Mahesana,Unjha,Spice Trading,Cumin trading,Small,3000000,5,150000.0,2000000,11.0,0,5,43484.85,MSME Business Loan,Illustrative model row; verify eligibility/rate with lender and current scheme,unjha,mahesana
MH-FIN-004,Mahesana,Unjha,Spice Trading,Fennel trading,Small,2800000,5,140000.0,1800000,11.0,0,5,39136.36,MSME Business Loan,Illustrative model row; verify eligibility/rate with lender and current scheme,unjha,mahesana
MH-FIN-005,Mahesana,Unjha,Agri Trading,Isabgol trading,Small,3500000,5,175000.0,2200000,11.0,0,5,47833.33,MSME Business Loan,Illustrative model row; verify eligibility/rate with lender and current scheme,unjha,mahesana
MH-FIN-006,Mahesana,Kadi,Textile,Cotton ginning,Small,12000000,5,600000.0,8000000,10.25,5,7,133845.15,MSME Interest Subsidy,Illustrative model row; verify eligibility/rate with lender and current scheme,kadi,mahesana
MH-FIN-007,Mahesana,Kadi,Textile,Cotton yarn unit,Small,15000000,5,750000.0,10000000,10.25,5,7,167306.44,MSME Interest Subsidy,Illustrative model row; verify eligibility/rate with lender and current scheme,kadi,mahesana
MH-FIN-008,Mahesana,Kadi,Engineering,Auto components,Small,20000000,18,3600000.0,12000000,10.25,5,7,200767.72,MSME Interest Subsidy,Illustrative model row; verify eligibility/rate with lender and current scheme,kadi,mahesana
MH-FIN-009,Mahesana,Visnagar,Food Processing,Oil mill,Small,10000000,5,500000.0,6500000,10.5,5,7,109594.38,MSME Interest Subsidy,Illustrative model row; verify eligibility/rate with lender and current scheme,visnagar,mahesana
MH-FIN-010,Mahesana,Visnagar,Food Processing,Edible oil packaging,Micro,5000000,5,250000.0,3250000,10.5,5,5,69855.18,MSME Interest Subsidy,Illustrative model row; verify eligibility/rate with lender and current scheme,visnagar,mahesana
MH-FIN-011,Mahesana,Vijapur,Agri Processing,Castor processing,Small,9000000,5,450000.0,5850000,10.5,5,7,98634.94,MSME Interest Subsidy,Illustrative model row; verify eligibility/rate with lender and current scheme,vijapur,mahesana
MH-FIN-012,Mahesana,Vijapur,Agri Processing,Groundnut processing,Micro,4500000,5,225000.0,2900000,10.5,5,5,62332.31,MSME Interest Subsidy,Illustrative model row; verify eligibility/rate with lender and current scheme,vijapur,mahesana
MH-FIN-013,Mahesana,Becharaji,Engineering,Machine parts manufacturing,Small,18000000,18,3240000.0,11000000,10.25,5,7,184037.08,MSME Interest Subsidy,Illustrative model row; verify eligibility/rate with lender and current scheme,becharaji,mahesana
MH-FIN-014,Mahesana,Becharaji,Automotive,Auto repair workshop,Micro,2500000,18,450000.0,1600000,11.0,5,5,34787.88,MSME Interest Subsidy,Illustrative model row; verify eligibility/rate with lender and current scheme,becharaji,mahesana
MH-FIN-015,Mahesana,Mehsana,Dairy,Milk collection centre,Micro,1800000,5,90000.0,1200000,10.5,5,5,25792.68,Dairy/MSME Loan,Illustrative model row; verify eligibility/rate with lender and current scheme,mehsana,mahesana
MH-FIN-016,Mahesana,Mehsana,Dairy,Dairy processing unit,Small,10000000,5,500000.0,6500000,10.5,5,7,109594.38,Dairy/MSME Loan,Illustrative model row; verify eligibility/rate with lender and current scheme,mehsana,mahesana
MH-FIN-017,Mahesana,Mehsana,Retail,Grocery store,Micro,1200000,5,60000.0,750000,12.0,0,5,16683.34,MSME Business Loan,Illustrative model row; verify eligibility/rate with lender and current scheme,mehsana,mahesana
MH-FIN-018,Mahesana,Mehsana,Retail,Electrical shop,Micro,1800000,18,324000.0,1100000,12.0,0,5,24468.89,MSME Business Loan,Illustrative model row; verify eligibility/rate with lender and current scheme,mehsana,mahesana
MH-FIN-019,Mahesana,Mehsana,Retail,Hardware store,Small,4000000,18,720000.0,2500000,11.5,0,5,54981.52,MSME Business Loan,Illustrative model row; verify eligibility/rate with lender and current scheme,mehsana,mahesana
MH-FIN-020,Mahesana,Mehsana,Transport,Goods transport operator,Micro,3000000,18,540000.0,2000000,11.5,0,5,43985.21,MSME Business Loan,Illustrative model row; verify eligibility/rate with lender and current scheme,mehsana,mahesana
MH-FIN-021,Mahesana,Unjha,Transport,Agri goods transport,Micro,2500000,18,450000.0,1600000,11.5,0,5,35188.17,MSME Business Loan,Illustrative model row; verify eligibility/rate with lender and current scheme,unjha,mahesana
MH-FIN-022,Mahesana,Kadi,Logistics,Warehouse service,Small,7000000,18,1260000.0,4500000,11.0,5,7,77050.96,MSME Interest Subsidy,Illustrative model row; verify eligibility/rate with lender and current scheme,kadi,mahesana
MH-FIN-023,Mahesana,Kadi,Logistics,Cold storage,Small,20000000,18,3600000.0,13000000,10.5,5,7,219188.75,MSME Interest Subsidy,Illustrative model row; verify eligibility/rate with lender and current scheme,kadi,mahesana
MH-FIN-024,Mahesana,Mehsana,Healthcare,Diagnostic centre,Small,8000000,18,1440000.0,5000000,11.0,7,7,85612.18,Service MSME Scheme,Illustrative model row; verify eligibility/rate with lender and current scheme,mehsana,mahesana
MH-FIN-025,Mahesana,Mehsana,Healthcare,Medical store,Micro,2500000,12,300000.0,1600000,12.0,0,5,35591.12,MSME Business Loan,Illustrative model row; verify eligibility/rate with lender and current scheme,mehsana,mahesana
MH-FIN-026,Mahesana,Mehsana,Education,Computer training centre,Micro,2000000,18,360000.0,1300000,11.5,7,5,28590.39,Service MSME Scheme,Illustrative model row; verify eligibility/rate with lender and current scheme,mehsana,mahesana
MH-FIN-027,Mahesana,Mehsana,Education,Coaching centre,Micro,1500000,18,270000.0,950000,11.5,7,5,20892.98,Service MSME Scheme,Illustrative model row; verify eligibility/rate with lender and current scheme,mehsana,mahesana
MH-FIN-028,Mahesana,Unjha,Hospitality,Budget hotel,Small,10000000,18,1800000.0,6500000,11.0,7,7,111295.84,Service MSME Scheme,Illustrative model row; verify eligibility/rate with lender and current scheme,unjha,mahesana
MH-FIN-029,Mahesana,Unjha,Hospitality,Restaurant,Micro,3000000,5,150000.0,1900000,12.0,7,5,42264.45,Service MSME Scheme,Illustrative model row; verify eligibility/rate with lender and current scheme,unjha,mahesana
MH-FIN-030,Mahesana,Mehsana,IT Services,Computer service centre,Micro,1200000,18,216000.0,750000,11.5,7,5,16494.46,Service MSME Scheme,Illustrative model row; verify eligibility/rate with lender and current scheme,mehsana,mahesana
MH-FIN-031,Mahesana,Mehsana,IT Services,Software service firm,Small,5000000,18,900000.0,3200000,11.0,7,7,54791.8,Service MSME Scheme,Illustrative model row; verify eligibility/rate with lender and current scheme,mehsana,mahesana
MH-FIN-032,Mahesana,Kadi,Fabrication,Steel fabrication,Small,8000000,18,1440000.0,5200000,10.5,5,7,87675.5,MSME Interest Subsidy,Illustrative model row; verify eligibility/rate with lender and current scheme,kadi,mahesana
MH-FIN-033,Mahesana,Vijapur,Manufacturing,Agricultural implements,Small,10000000,18,1800000.0,6500000,10.5,5,7,109594.38,MSME Interest Subsidy,Illustrative model row; verify eligibility/rate with lender and current scheme,vijapur,mahesana
MH-FIN-034,Mahesana,Vijapur,Manufacturing,Farm equipment repair,Micro,2200000,18,396000.0,1400000,11.5,5,5,30789.65,MSME Interest Subsidy,Illustrative model row; verify eligibility/rate with lender and current scheme,vijapur,mahesana
MH-FIN-035,Mahesana,Mehsana,Construction,Building material supplier,Small,6000000,18,1080000.0,3800000,11.5,0,5,83571.91,MSME Business Loan,Illustrative model row; verify eligibility/rate with lender and current scheme,mehsana,mahesana
MH-FIN-036,Mahesana,Mehsana,Construction,Civil contractor,Small,9000000,18,1620000.0,5800000,11.5,0,5,127557.12,MSME Business Loan,Illustrative model row; verify eligibility/rate with lender and current scheme,mehsana,mahesana
MH-FIN-037,Mahesana,Kadi,Chemicals,Industrial chemical unit,Small,15000000,18,2700000.0,9500000,10.75,5,7,161417.08,MSME Interest Subsidy,Illustrative model row; verify eligibility/rate with lender and current scheme,kadi,mahesana
MH-FIN-038,Mahesana,Kadi,Plastics,Plastic packaging unit,Small,9000000,18,1620000.0,5800000,10.75,5,7,98549.37,MSME Interest Subsidy,Illustrative model row; verify eligibility/rate with lender and current scheme,kadi,mahesana
MH-FIN-039,Mahesana,Becharaji,Automotive,Auto parts supplier,Small,12000000,18,2160000.0,7800000,10.5,5,7,131513.25,MSME Interest Subsidy,Illustrative model row; verify eligibility/rate with lender and current scheme,becharaji,mahesana
MH-FIN-040,Mahesana,Becharaji,Automotive,Vehicle service centre,Small,6000000,18,1080000.0,3900000,11.0,5,7,66777.5,MSME Interest Subsidy,Illustrative model row; verify eligibility/rate with lender and current scheme,becharaji,mahesana
MH-FIN-041,Mahesana,Mehsana,Printing,Printing press,Micro,3000000,18,540000.0,1900000,11.5,5,5,41785.95,MSME Interest Subsidy,Illustrative model row; verify eligibility/rate with lender and current scheme,mehsana,mahesana
MH-FIN-042,Mahesana,Mehsana,Packaging,Corrugated box unit,Micro,4000000,18,720000.0,2600000,11.0,5,5,56530.3,MSME Interest Subsidy,Illustrative model row; verify eligibility/rate with lender and current scheme,mehsana,mahesana
MH-FIN-043,Mahesana,Unjha,Agri Processing,Seed processing,Small,7000000,5,350000.0,4500000,10.5,5,7,75873.03,MSME Interest Subsidy,Illustrative model row; verify eligibility/rate with lender and current scheme,unjha,mahesana
MH-FIN-044,Mahesana,Unjha,Agri Processing,Fennel cleaning and grading,Micro,3500000,5,175000.0,2250000,10.5,5,5,48361.28,MSME Interest Subsidy,Illustrative model row; verify eligibility/rate with lender and current scheme,unjha,mahesana
MH-FIN-045,Mahesana,Visnagar,Agri Processing,Cumin cleaning and packing,Micro,4000000,5,200000.0,2600000,10.5,5,5,55884.14,MSME Interest Subsidy,Illustrative model row; verify eligibility/rate with lender and current scheme,visnagar,mahesana
MH-FIN-046,Mahesana,Visnagar,Agri Processing,Mustard processing,Small,8000000,5,400000.0,5200000,10.5,5,7,87675.5,MSME Interest Subsidy,Illustrative model row; verify eligibility/rate with lender and current scheme,visnagar,mahesana
MH-FIN-047,Mahesana,Vijapur,Agri Processing,Sesame processing,Micro,3000000,5,150000.0,1950000,10.5,5,5,41913.11,MSME Interest Subsidy,Illustrative model row; verify eligibility/rate with lender and current scheme,vijapur,mahesana
MH-FIN-048,Mahesana,Mehsana,Retail,Mobile phone shop,Micro,2500000,18,450000.0,1600000,12.0,0,5,35591.12,MSME Business Loan,Illustrative model row; verify eligibility/rate with lender and current scheme,mehsana,mahesana
MH-FIN-049,Mahesana,Mehsana,Retail,Computer shop,Micro,3000000,18,540000.0,1900000,12.0,0,5,42264.45,MSME Business Loan,Illustrative model row; verify eligibility/rate with lender and current scheme,mehsana,mahesana
MH-FIN-050,Mahesana,Mehsana,Retail,Furniture shop,Small,5000000,18,900000.0,3200000,11.5,0,5,70376.34,MSME Business Loan,Illustrative model row; verify eligibility/rate with lender and current scheme,mehsana,mahesana
MH-FIN-051,Mahesana,Mehsana,Services,Beauty salon,Micro,1200000,18,216000.0,750000,12.0,7,5,16683.34,Service MSME Scheme,Illustrative model row; verify eligibility/rate with lender and current scheme,mehsana,mahesana
MH-FIN-052,Mahesana,Kadi,Services,Laundry service,Micro,1000000,18,180000.0,600000,12.0,7,5,13346.67,Service MSME Scheme,Illustrative model row; verify eligibility/rate with lender and current scheme,kadi,mahesana
MH-FIN-053,Mahesana,Mehsana,Services,Security service agency,Small,4000000,18,720000.0,2500000,11.5,7,5,54981.52,Service MSME Scheme,Illustrative model row; verify eligibility/rate with lender and current scheme,mehsana,mahesana
MH-FIN-054,Mahesana,Unjha,Wholesale,Agri input wholesale,Small,6000000,5,300000.0,3900000,11.5,0,5,85771.17,MSME Business Loan,Illustrative model row; verify eligibility/rate with lender and current scheme,unjha,mahesana
MH-FIN-055,Mahesana,Vijapur,Agriculture,Dairy farm,Micro,2000000,0,0.0,1300000,10.0,0,5,27621.16,Agriculture Loan,Illustrative model row; verify eligibility/rate with lender and current scheme,vijapur,mahesana
MH-FIN-056,Mahesana,Kadi,Agriculture,Vegetable cultivation,Micro,1000000,0,0.0,650000,9.5,0,5,13651.21,Agriculture Loan,Illustrative model row; verify eligibility/rate with lender and current scheme,kadi,mahesana
MH-FIN-057,Mahesana,Mehsana,Agriculture,Cumin cultivation,Micro,1200000,0,0.0,780000,9.5,0,5,16381.45,Agriculture Loan,Illustrative model row; verify eligibility/rate with lender and current scheme,mehsana,mahesana
MH-FIN-058,Mahesana,Unjha,Agriculture,Fennel cultivation,Micro,1200000,0,0.0,780000,9.5,0,5,16381.45,Agriculture Loan,Illustrative model row; verify eligibility/rate with lender and current scheme,unjha,mahesana
MH-FIN-059,Mahesana,Mehsana,Renewable Energy,Solar installation service,Small,8000000,18,1440000.0,5200000,10.5,7,7,87675.5,Service MSME Scheme,Illustrative model row; verify eligibility/rate with lender and current scheme,mehsana,mahesana
MH-FIN-060,Mahesana,Kadi,Renewable Energy,Solar equipment dealership,Small,6000000,18,1080000.0,3900000,11.5,0,5,85771.17,MSME Business Loan,Illustrative model row; verify eligibility/rate with lender and current scheme,kadi,mahesana
MH-FIN-061,Mahesana,Mehsana,Tourism,Tourist transport service,Micro,3500000,18,630000.0,2250000,11.5,7,5,49483.37,Service MSME Scheme,Illustrative model row; verify eligibility/rate with lender and current scheme,mehsana,mahesana
MH-FIN-062,Mahesana,Unjha,Tourism,Pilgrimage accommodation,Small,7000000,18,1260000.0,4500000,11.0,7,7,77050.96,Service MSME Scheme,Illustrative model row; verify eligibility/rate with lender and current scheme,unjha,mahesana
