village_name,village_name_norm,taluka,total_p,total_m,total_f,no_hh,p_lit,m_lit,f_lit,p_sc,p_st,tot_work_p,tot_work_m,tot_work_f,main_cl_p,main_al_p,name_is_ambiguous
Chelana,chelana,Satlasana,1313.0,673.0,640.0,270.0,778.0,461.0,317.0,90.0,4.0,717.0,383.0,334.0,284.0,131.0,False
Talegadh,talegadh,Satlasana,1517.0,786.0,731.0,289.0,908.0,559.0,349.0,57.0,5.0,797.0,425.0,372.0,401.0,80.0,False
Khari,khari,Satlasana,464.0,238.0,226.0,90.0,229.0,147.0,82.0,11.0,0.0,279.0,137.0,142.0,116.0,1.0,False
Nedardi,nedardi,Satlasana,1061.0,553.0,508.0,204.0,595.0,375.0,220.0,0.0,0.0,427.0,283.0,144.0,163.0,49.0,False
Vajapur,vajapur,Satlasana,1395.0,734.0,661.0,281.0,872.0,526.0,346.0,93.0,0.0,655.0,440.0,215.0,130.0,99.0,False
Mumanvas,mumanvas,Satlasana,1607.0,829.0,778.0,304.0,1169.0,668.0,501.0,21.0,0.0,673.0,410.0,263.0,173.0,22.0,False
Bhanavas,bhanavas,Satlasana,975.0,504.0,471.0,186.0,551.0,385.0,166.0,37.0,0.0,570.0,274.0,296.0,41.0,102.0,False
Kubada,kubada,Satlasana,896.0,470.0,426.0,166.0,532.0,344.0,188.0,0.0,0.0,486.0,247.0,239.0,81.0,177.0,False
Vansada,vansada,Satlasana,701.0,347.0,354.0,123.0,362.0,232.0,130.0,78.0,2.0,406.0,197.0,209.0,183.0,84.0,False
Semor,semor,Satlasana,429.0,226.0,203.0,82.0,222.0,142.0,80.0,33.0,0.0,196.0,135.0,61.0,109.0,11.0,False
Umari,umari,Satlasana,3215.0,1657.0,1558.0,639.0,2012.0,1220.0,792.0,400.0,6.0,1090.0,842.0,248.0,210.0,283.0,False
Takhatpura,takhatpura,Satlasana,688.0,348.0,340.0,108.0,424.0,247.0,177.0,55.0,0.0,348.0,173.0,175.0,125.0,47.0,False
Jashpuriya,jashpuriya,Satlasana,648.0,322.0,326.0,138.0,450.0,248.0,202.0,171.0,0.0,190.0,181.0,9.0,94.0,64.0,False
Ranpur,ranpur,Satlasana,1469.0,733.0,736.0,293.0,931.0,552.0,379.0,240.0,0.0,394.0,372.0,22.0,200.0,139.0,False
Vasai,vasai,Satlasana,654.0,333.0,321.0,161.0,425.0,267.0,158.0,32.0,0.0,403.0,200.0,203.0,52.0,100.0,True
Dulana,dulana,Satlasana,641.0,341.0,300.0,125.0,419.0,261.0,158.0,67.0,0.0,323.0,175.0,148.0,69.0,14.0,False
Sardarpur (Cheekna),sardarpur,Satlasana,2479.0,1276.0,1203.0,503.0,1384.0,836.0,548.0,269.0,0.0,1180.0,749.0,431.0,426.0,372.0,True
Sudasana,sudasana,Satlasana,4819.0,2487.0,2332.0,1027.0,3378.0,1934.0,1444.0,656.0,1.0,1497.0,1318.0,179.0,733.0,330.0,False
Bhalu Moti,bhalu moti,Satlasana,1572.0,821.0,751.0,314.0,1055.0,638.0,417.0,148.0,0.0,608.0,460.0,148.0,129.0,228.0,False
Bhalu Nani,bhalu nani,Satlasana,1851.0,936.0,915.0,330.0,910.0,624.0,286.0,4.0,0.0,822.0,533.0,289.0,428.0,34.0,False
Bedasma,bedasma,Satlasana,956.0,485.0,471.0,177.0,557.0,353.0,204.0,109.0,0.0,527.0,266.0,261.0,0.0,216.0,False
Samarapur,samarapur,Satlasana,1351.0,678.0,673.0,251.0,798.0,522.0,276.0,325.0,0.0,632.0,353.0,279.0,222.0,108.0,False
Santola,santola,Satlasana,111.0,56.0,55.0,21.0,71.0,43.0,28.0,0.0,0.0,31.0,29.0,2.0,26.0,0.0,False
Gothda,gothda,Satlasana,887.0,465.0,422.0,181.0,670.0,395.0,275.0,39.0,0.0,369.0,238.0,131.0,133.0,31.0,False
Kothasana Mota,kothasana mota,Satlasana,2075.0,1026.0,1049.0,419.0,1381.0,808.0,573.0,142.0,0.0,820.0,550.0,270.0,177.0,157.0,False
Kothasana Nana,kothasana nana,Satlasana,1452.0,752.0,700.0,262.0,851.0,525.0,326.0,53.0,0.0,675.0,416.0,259.0,76.0,112.0,False
Sheshhapur,sheshhapur,Satlasana,415.0,213.0,202.0,85.0,266.0,159.0,107.0,11.0,0.0,108.0,107.0,1.0,77.0,4.0,False
Bhalusana,bhalusana,Satlasana,3511.0,1787.0,1724.0,736.0,2408.0,1398.0,1010.0,210.0,0.0,1195.0,967.0,228.0,415.0,94.0,False
Umrecha,umrecha,Satlasana,1048.0,547.0,501.0,211.0,728.0,423.0,305.0,422.0,0.0,341.0,329.0,12.0,133.0,147.0,False
Bhatvas,bhatvas,Satlasana,520.0,281.0,239.0,109.0,352.0,222.0,130.0,59.0,0.0,166.0,158.0,8.0,62.0,81.0,False
Rinchhada,rinchhada,Satlasana,639.0,331.0,308.0,145.0,399.0,247.0,152.0,116.0,0.0,288.0,180.0,108.0,63.0,125.0,False
Kesarpura,kesarpura,Satlasana,912.0,468.0,444.0,172.0,648.0,383.0,265.0,239.0,0.0,332.0,244.0,88.0,65.0,124.0,False
Nijhampur,nijhampur,Satlasana,501.0,266.0,235.0,102.0,315.0,194.0,121.0,160.0,0.0,147.0,137.0,10.0,90.0,7.0,False
Jaspur,jaspur,Satlasana,1051.0,513.0,538.0,187.0,685.0,409.0,276.0,57.0,0.0,490.0,279.0,211.0,201.0,83.0,False
Khilod,khilod,Satlasana,701.0,364.0,337.0,145.0,455.0,269.0,186.0,230.0,0.0,234.0,227.0,7.0,117.0,97.0,False
Isakpura,isakpura,Satlasana,801.0,416.0,385.0,157.0,497.0,303.0,194.0,28.0,0.0,297.0,207.0,90.0,56.0,121.0,False
Ankaliyara,ankaliyara,Satlasana,1143.0,582.0,561.0,248.0,758.0,454.0,304.0,206.0,0.0,588.0,316.0,272.0,119.0,22.0,False
Himmatpura,himmatpura,Satlasana,768.0,408.0,360.0,166.0,461.0,288.0,173.0,42.0,0.0,244.0,234.0,10.0,123.0,88.0,False
Bhimpur,bhimpur,Satlasana,2140.0,1105.0,1035.0,390.0,1397.0,829.0,568.0,263.0,0.0,634.0,618.0,16.0,375.0,117.0,False
Navavas,navavas,Satlasana,941.0,499.0,442.0,195.0,640.0,404.0,236.0,31.0,0.0,305.0,292.0,13.0,178.0,31.0,False
Sartanpur (Gadh),sartanpur,Satlasana,1484.0,751.0,733.0,316.0,963.0,571.0,392.0,272.0,0.0,507.0,424.0,83.0,119.0,95.0,False
Satlasana,satlasana,Satlasana,8002.0,4118.0,3884.0,1690.0,5756.0,3263.0,2493.0,855.0,125.0,2848.0,2239.0,609.0,506.0,205.0,False
Dharoi,dharoi,Satlasana,2417.0,1251.0,1166.0,523.0,1762.0,998.0,764.0,320.0,78.0,983.0,665.0,318.0,161.0,242.0,False
Vav,vav,Satlasana,3414.0,1754.0,1660.0,727.0,2332.0,1320.0,1012.0,282.0,15.0,1271.0,964.0,307.0,193.0,29.0,False
Rajpur(Gadh),rajpur,Satlasana,1298.0,662.0,636.0,275.0,825.0,490.0,335.0,260.0,0.0,417.0,382.0,35.0,73.0,260.0,True
Timba,timba,Satlasana,3307.0,1707.0,1600.0,603.0,2090.0,1299.0,791.0,8.0,0.0,1210.0,887.0,323.0,471.0,76.0,False
Shahupura (Gadh),shahupura,Satlasana,594.0,303.0,291.0,106.0,350.0,208.0,142.0,70.0,0.0,173.0,167.0,6.0,54.0,39.0,False
Pirojpura,pirojpura,Satlasana,285.0,146.0,139.0,62.0,191.0,114.0,77.0,30.0,7.0,100.0,99.0,1.0,55.0,31.0,False
Vaghar,vaghar,Satlasana,1832.0,924.0,908.0,340.0,1114.0,691.0,423.0,40.0,0.0,509.0,473.0,36.0,325.0,120.0,False
Anand Bhankhari,anand bhankhari,Satlasana,771.0,397.0,374.0,136.0,549.0,324.0,225.0,0.0,0.0,486.0,231.0,255.0,115.0,89.0,False
Khodamali,khodamali,Satlasana,2272.0,1208.0,1064.0,458.0,1303.0,784.0,519.0,159.0,0.0,1409.0,733.0,676.0,235.0,713.0,False
Vavadi (Gadh),vavadi,Satlasana,705.0,359.0,346.0,135.0,495.0,261.0,234.0,263.0,0.0,213.0,196.0,17.0,101.0,57.0,False
Fatepura,fatepura,Satlasana,1239.0,643.0,596.0,241.0,700.0,442.0,258.0,0.0,0.0,666.0,360.0,306.0,321.0,183.0,False
Hadol,hadol,Satlasana,2504.0,1273.0,1231.0,464.0,1620.0,940.0,680.0,105.0,0.0,992.0,630.0,362.0,345.0,160.0,False
Radhupura,radhupura,Satlasana,946.0,478.0,468.0,175.0,464.0,278.0,186.0,1.0,0.0,268.0,252.0,16.0,256.0,2.0,False
Galalpur,galalpur,Satlasana,461.0,224.0,237.0,87.0,232.0,130.0,102.0,0.0,0.0,277.0,134.0,143.0,92.0,1.0,False
Kajipur,kajipur,Satlasana,383.0,187.0,196.0,67.0,187.0,110.0,77.0,0.0,0.0,231.0,107.0,124.0,69.0,4.0,False
Otalpur,otalpur,Satlasana,1305.0,675.0,630.0,248.0,746.0,472.0,274.0,0.0,0.0,647.0,381.0,266.0,356.0,21.0,False
Rangpur (Gadh),rangpur,Satlasana,1224.0,657.0,567.0,202.0,650.0,425.0,225.0,20.0,0.0,719.0,354.0,365.0,350.0,27.0,True
Kanediya,kanediya,Satlasana,2012.0,1022.0,990.0,370.0,1266.0,764.0,502.0,100.0,0.0,854.0,555.0,299.0,613.0,31.0,False
Dharavania,dharavania,Satlasana,832.0,441.0,391.0,158.0,540.0,322.0,218.0,0.0,0.0,402.0,212.0,190.0,108.0,97.0,False
Gamanpura,gamanpura,Satlasana,98.0,54.0,44.0,25.0,56.0,28.0,28.0,0.0,0.0,68.0,38.0,30.0,5.0,16.0,True
Chhelpura,chhelpura,Satlasana,523.0,266.0,257.0,97.0,346.0,200.0,146.0,0.0,0.0,383.0,192.0,191.0,88.0,16.0,False
Kevdasan,kevdasan,Satlasana,401.0,199.0,202.0,73.0,236.0,144.0,92.0,0.0,0.0,219.0,102.0,117.0,29.0,75.0,False
Malapura,malapura,Satlasana,920.0,481.0,439.0,187.0,604.0,378.0,226.0,145.0,0.0,264.0,243.0,21.0,199.0,46.0,False
Chansol,chansol,Kheralu,3297.0,1712.0,1585.0,666.0,2391.0,1369.0,1022.0,381.0,8.0,1511.0,967.0,544.0,413.0,293.0,False
Dabhad,dabhad,Kheralu,5122.0,2608.0,2514.0,1032.0,3435.0,1943.0,1492.0,578.0,3.0,1949.0,1492.0,457.0,624.0,626.0,False
Davol,davol,Kheralu,1941.0,989.0,952.0,423.0,1283.0,756.0,527.0,250.0,0.0,979.0,478.0,501.0,296.0,108.0,False
Varetha,varetha,Kheralu,2056.0,1074.0,982.0,434.0,1393.0,790.0,603.0,161.0,6.0,596.0,568.0,28.0,164.0,278.0,False
Dalisana,dalisana,Kheralu,2171.0,1132.0,1039.0,426.0,1461.0,863.0,598.0,295.0,0.0,652.0,611.0,41.0,343.0,231.0,False
Mahiyal,mahiyal,Kheralu,1554.0,769.0,785.0,340.0,1051.0,579.0,472.0,198.0,0.0,627.0,422.0,205.0,188.0,325.0,False
Sakari,sakari,Kheralu,2033.0,1067.0,966.0,354.0,1184.0,729.0,455.0,40.0,0.0,824.0,522.0,302.0,320.0,217.0,False
Fattepura(Khe),fattepura,Kheralu,777.0,400.0,377.0,165.0,570.0,318.0,252.0,70.0,0.0,228.0,199.0,29.0,138.0,36.0,False
Vithoda,vithoda,Kheralu,3028.0,1552.0,1476.0,643.0,2092.0,1177.0,915.0,258.0,0.0,1216.0,866.0,350.0,349.0,391.0,False
Vavdi (khe),vavdi,Kheralu,2001.0,1034.0,967.0,380.0,1134.0,691.0,443.0,122.0,0.0,869.0,551.0,318.0,478.0,114.0,False
Lunva,lunva,Kheralu,4571.0,2378.0,2193.0,900.0,3039.0,1758.0,1281.0,655.0,0.0,1855.0,1355.0,500.0,392.0,633.0,False
Mandali,mandali,Kheralu,4910.0,2545.0,2365.0,948.0,3293.0,1908.0,1385.0,415.0,0.0,1639.0,1389.0,250.0,677.0,405.0,True
Panchha,panchha,Kheralu,2707.0,1392.0,1315.0,525.0,1705.0,1017.0,688.0,371.0,0.0,1394.0,783.0,611.0,302.0,664.0,False
Balad,balad,Kheralu,2742.0,1425.0,1317.0,554.0,1946.0,1136.0,810.0,525.0,1.0,1098.0,832.0,266.0,304.0,290.0,False
Shahpur (Santokpura),shahpur,Kheralu,456.0,240.0,216.0,95.0,322.0,192.0,130.0,0.0,6.0,184.0,139.0,45.0,70.0,67.0,True
Mandropur,mandropur,Kheralu,3020.0,1547.0,1473.0,608.0,1872.0,1129.0,743.0,92.0,0.0,1155.0,901.0,254.0,340.0,608.0,False
Nandali (Miyasana),nandali,Kheralu,2040.0,1053.0,987.0,423.0,1358.0,801.0,557.0,237.0,0.0,802.0,595.0,207.0,314.0,211.0,False
Arathi,arathi,Kheralu,1806.0,947.0,859.0,381.0,1258.0,729.0,529.0,235.0,0.0,1016.0,537.0,479.0,245.0,122.0,False
Mahekubpura,mahekubpura,Kheralu,1072.0,546.0,526.0,187.0,696.0,390.0,306.0,0.0,0.0,237.0,221.0,16.0,27.0,102.0,False
Dabhoda,dabhoda,Kheralu,10124.0,5164.0,4960.0,1872.0,5897.0,3560.0,2337.0,385.0,11.0,4290.0,2838.0,1452.0,1076.0,1476.0,False
Kuda,kuda,Kheralu,3870.0,1909.0,1961.0,744.0,2289.0,1343.0,946.0,23.0,0.0,1999.0,1079.0,920.0,849.0,438.0,False
Nalu,nalu,Kheralu,1894.0,981.0,913.0,367.0,1182.0,725.0,457.0,12.0,0.0,600.0,563.0,37.0,358.0,213.0,False
Chotiya,chotiya,Kheralu,1425.0,748.0,677.0,293.0,1089.0,634.0,455.0,85.0,0.0,720.0,450.0,270.0,226.0,178.0,False
Lalawada,lalawada,Kheralu,1714.0,881.0,833.0,298.0,883.0,532.0,351.0,22.0,0.0,561.0,512.0,49.0,146.0,347.0,False
Nanivada,nanivada,Kheralu,3070.0,1616.0,1454.0,602.0,1819.0,1156.0,663.0,289.0,0.0,1029.0,922.0,107.0,451.0,327.0,False
Gajipur,gajipur,Kheralu,599.0,311.0,288.0,114.0,409.0,241.0,168.0,31.0,0.0,271.0,198.0,73.0,34.0,233.0,False
Suvariya,suvariya,Kheralu,184.0,101.0,83.0,40.0,110.0,64.0,46.0,0.0,0.0,70.0,52.0,18.0,0.0,68.0,False
Malekpur (Khe),malekpur,Kheralu,5351.0,2795.0,2556.0,1014.0,2986.0,1888.0,1098.0,79.0,0.0,2050.0,1526.0,524.0,216.0,1473.0,True
Nani Hirvani,nani hirvani,Kheralu,2114.0,1102.0,1012.0,413.0,1413.0,814.0,599.0,533.0,9.0,667.0,542.0,125.0,160.0,221.0,False
Moti Hirvani,moti hirvani,Kheralu,1424.0,729.0,695.0,280.0,991.0,574.0,417.0,219.0,0.0,528.0,389.0,139.0,286.0,197.0,False
Machhava,machhava,Kheralu,1529.0,781.0,748.0,311.0,1058.0,601.0,457.0,117.0,0.0,460.0,423.0,37.0,285.0,92.0,False
Nortol,nortol,Kheralu,2188.0,1134.0,1054.0,429.0,1258.0,783.0,475.0,144.0,0.0,1057.0,662.0,395.0,266.0,413.0,False
Chachariya,chachariya,Kheralu,954.0,495.0,459.0,183.0,579.0,348.0,231.0,25.0,0.0,282.0,243.0,39.0,214.0,45.0,False
Thangana,thangana,Kheralu,1135.0,598.0,537.0,242.0,838.0,481.0,357.0,83.0,0.0,651.0,347.0,304.0,14.0,559.0,False
Gathaman,gathaman,Kheralu,1031.0,538.0,493.0,196.0,611.0,359.0,252.0,33.0,0.0,355.0,295.0,60.0,156.0,6.0,False
Malarpura,malarpura,Kheralu,1092.0,558.0,534.0,201.0,733.0,418.0,315.0,237.0,0.0,490.0,304.0,186.0,155.0,237.0,False
Delvada,delvada,Kheralu,2383.0,1194.0,1189.0,443.0,1270.0,768.0,502.0,238.0,0.0,748.0,701.0,47.0,433.0,263.0,False
Rahemanpura,rahemanpura,Kheralu,753.0,384.0,369.0,121.0,450.0,272.0,178.0,43.0,0.0,307.0,206.0,101.0,49.0,119.0,False
Sangathala,sangathala,Kheralu,2218.0,1148.0,1070.0,457.0,1419.0,824.0,595.0,232.0,165.0,1112.0,636.0,476.0,298.0,339.0,False
Chada,chada,Kheralu,2227.0,1140.0,1087.0,469.0,1473.0,877.0,596.0,293.0,0.0,791.0,657.0,134.0,248.0,255.0,False
Dedasan,dedasan,Kheralu,1065.0,543.0,522.0,206.0,649.0,380.0,269.0,0.0,7.0,612.0,300.0,312.0,304.0,62.0,False
Amarpura,amarpura,Kheralu,358.0,178.0,180.0,68.0,211.0,123.0,88.0,0.0,0.0,205.0,96.0,109.0,91.0,104.0,False
Vaghvadi,vaghvadi,Kheralu,1959.0,1026.0,933.0,379.0,1393.0,823.0,570.0,394.0,0.0,986.0,549.0,437.0,214.0,410.0,False
Gorisana,gorisana,Kheralu,2748.0,1426.0,1322.0,552.0,1718.0,1024.0,694.0,454.0,2.0,1227.0,752.0,475.0,290.0,468.0,False
Ambavada,ambavada,Kheralu,1860.0,958.0,902.0,346.0,1193.0,695.0,498.0,230.0,0.0,912.0,555.0,357.0,254.0,401.0,False
Samoja,samoja,Kheralu,849.0,428.0,421.0,160.0,534.0,312.0,222.0,112.0,0.0,541.0,276.0,265.0,152.0,174.0,False
Rasulpur,rasulpur,Kheralu,1311.0,658.0,653.0,231.0,1027.0,548.0,479.0,86.0,0.0,457.0,337.0,120.0,223.0,33.0,False
Sadikpur,sadikpur,Kheralu,706.0,360.0,346.0,126.0,627.0,319.0,308.0,55.0,0.0,319.0,187.0,132.0,94.0,56.0,False
Limbdi,limbdi,Kheralu,1597.0,877.0,720.0,298.0,898.0,577.0,321.0,25.0,0.0,712.0,497.0,215.0,422.0,220.0,False
Unad,unad,Kheralu,2934.0,1494.0,1440.0,580.0,2085.0,1179.0,906.0,360.0,0.0,1333.0,860.0,473.0,330.0,498.0,False
Madhasana,madhasana,Kheralu,1965.0,991.0,974.0,410.0,1354.0,766.0,588.0,0.0,0.0,705.0,544.0,161.0,273.0,380.0,False
Lindi,lindi,Unjha,305.0,155.0,150.0,72.0,282.0,144.0,138.0,51.0,4.0,132.0,82.0,50.0,83.0,14.0,False
Visol,visol,Unjha,3380.0,1758.0,1622.0,718.0,2548.0,1482.0,1066.0,233.0,0.0,1927.0,1008.0,919.0,546.0,67.0,False
Varvada,varvada,Unjha,3411.0,1793.0,1618.0,713.0,2617.0,1499.0,1118.0,576.0,0.0,1309.0,996.0,313.0,385.0,393.0,False
Brahmanvada,brahmanvada,Unjha,5950.0,3076.0,2874.0,1332.0,5183.0,2759.0,2424.0,252.0,3.0,2647.0,1724.0,923.0,567.0,546.0,False
Kamli,kamli,Unjha,5984.0,3080.0,2904.0,1344.0,5229.0,2669.0,2560.0,250.0,17.0,1916.0,1746.0,170.0,871.0,304.0,False
Jagannathpura,jagannathpura,Unjha,1777.0,913.0,864.0,368.0,1368.0,745.0,623.0,264.0,0.0,974.0,536.0,438.0,412.0,115.0,False
Kahoda,kahoda,Unjha,7330.0,3765.0,3565.0,1653.0,5687.0,3141.0,2546.0,541.0,17.0,3107.0,2104.0,1003.0,828.0,810.0,False
Khatasana,khatasana,Unjha,1077.0,558.0,519.0,274.0,890.0,490.0,400.0,27.0,0.0,561.0,318.0,243.0,176.0,159.0,True
Maherwada,maherwada,Unjha,2446.0,1244.0,1202.0,570.0,1774.0,1025.0,749.0,271.0,2.0,1210.0,712.0,498.0,380.0,200.0,False
Lihoda,lihoda,Unjha,490.0,252.0,238.0,126.0,367.0,206.0,161.0,0.0,0.0,275.0,141.0,134.0,69.0,59.0,False
Bhunav,bhunav,Unjha,3530.0,1836.0,1694.0,784.0,2518.0,1486.0,1032.0,392.0,0.0,1514.0,1075.0,439.0,403.0,595.0,False
Dasaj,dasaj,Unjha,5277.0,2679.0,2598.0,1158.0,3620.0,2074.0,1546.0,674.0,0.0,1989.0,1479.0,510.0,505.0,545.0,False
Maktupur,maktupur,Unjha,5197.0,2690.0,2507.0,1124.0,4210.0,2295.0,1915.0,606.0,49.0,2107.0,1536.0,571.0,422.0,564.0,False
Tundav,tundav,Unjha,4280.0,2240.0,2040.0,1003.0,3657.0,1982.0,1675.0,386.0,30.0,1926.0,1238.0,688.0,489.0,515.0,False
Amudh,amudh,Unjha,2463.0,1259.0,1204.0,538.0,1945.0,1070.0,875.0,179.0,8.0,1287.0,753.0,534.0,341.0,282.0,False
Sunak,sunak,Unjha,3122.0,1581.0,1541.0,740.0,2420.0,1330.0,1090.0,543.0,0.0,1449.0,886.0,563.0,444.0,376.0,False
Dabhi,dabhi,Unjha,5364.0,2793.0,2571.0,1090.0,3751.0,2131.0,1620.0,106.0,0.0,2991.0,1604.0,1387.0,997.0,757.0,False
Shihi,shihi,Unjha,3302.0,1718.0,1584.0,713.0,2677.0,1453.0,1224.0,294.0,0.0,1908.0,1021.0,887.0,516.0,277.0,False
Bhankhar,bhankhar,Unjha,2890.0,1471.0,1419.0,562.0,2128.0,1193.0,935.0,183.0,20.0,997.0,773.0,224.0,360.0,183.0,False
Ranchhodpura,ranchhodpura,Unjha,3342.0,1746.0,1596.0,729.0,2350.0,1398.0,952.0,27.0,14.0,1850.0,1075.0,775.0,703.0,173.0,True
Upera,upera,Unjha,6641.0,3491.0,3150.0,1390.0,4822.0,2768.0,2054.0,547.0,0.0,3245.0,2034.0,1211.0,1125.0,503.0,False
Karanpur,karanpur,Unjha,1182.0,612.0,570.0,286.0,948.0,522.0,426.0,18.0,0.0,556.0,347.0,209.0,173.0,100.0,False
Karli,karli,Unjha,3956.0,2013.0,1943.0,920.0,3096.0,1716.0,1380.0,398.0,0.0,1733.0,1123.0,610.0,490.0,464.0,False
Hajipur,hajipur,Unjha,1312.0,691.0,621.0,332.0,1112.0,604.0,508.0,181.0,0.0,601.0,421.0,180.0,209.0,58.0,True
Vanagla,vanagla,Unjha,3749.0,1957.0,1792.0,742.0,2635.0,1535.0,1100.0,502.0,0.0,1726.0,1077.0,649.0,532.0,267.0,False
Aithor,aithor,Unjha,8460.0,4387.0,4073.0,1874.0,6965.0,3754.0,3211.0,664.0,0.0,3046.0,2449.0,597.0,946.0,468.0,False
Unava,unava,Unjha,12901.0,6701.0,6200.0,2749.0,10556.0,5680.0,4876.0,632.0,19.0,4514.0,3769.0,745.0,1248.0,672.0,False
Surpura,surpura,Unjha,1768.0,916.0,852.0,367.0,1406.0,757.0,649.0,102.0,0.0,568.0,519.0,49.0,276.0,168.0,True
Pali,pali,Unjha,1886.0,977.0,909.0,443.0,1451.0,821.0,630.0,289.0,0.0,893.0,589.0,304.0,237.0,55.0,False
Navapura,navapura,Unjha,1464.0,762.0,702.0,325.0,1040.0,615.0,425.0,189.0,0.0,560.0,466.0,94.0,167.0,128.0,True
Kanthravi,kanthravi,Unjha,4195.0,2212.0,1983.0,938.0,3612.0,1913.0,1699.0,288.0,0.0,1904.0,1214.0,690.0,516.0,501.0,False
Tarabh,tarabh,Visnagar,6312.0,3266.0,3046.0,1251.0,4369.0,2509.0,1860.0,343.0,0.0,2267.0,1774.0,493.0,873.0,630.0,False
Denap,denap,Visnagar,6637.0,3435.0,3202.0,1460.0,5319.0,2917.0,2402.0,521.0,0.0,2420.0,1884.0,536.0,893.0,717.0,False
Umta,umta,Visnagar,8119.0,4192.0,3927.0,1889.0,6350.0,3483.0,2867.0,643.0,4.0,3249.0,2491.0,758.0,808.0,692.0,False
Rangpur (Khe),rangpur,Visnagar,1607.0,843.0,764.0,362.0,1156.0,679.0,477.0,153.0,0.0,811.0,465.0,346.0,99.0,323.0,True
Kiyadar,kiyadar,Visnagar,513.0,261.0,252.0,110.0,432.0,227.0,205.0,53.0,0.0,158.0,147.0,11.0,106.0,30.0,False
Hasanpur,hasanpur,Visnagar,1999.0,1026.0,973.0,403.0,1474.0,843.0,631.0,68.0,0.0,1113.0,624.0,489.0,192.0,173.0,False
Paldi,paldi,Visnagar,2911.0,1535.0,1376.0,594.0,2162.0,1220.0,942.0,358.0,0.0,1353.0,920.0,433.0,338.0,214.0,False
Chhogala,chhogala,Visnagar,1091.0,556.0,535.0,202.0,753.0,434.0,319.0,166.0,0.0,482.0,317.0,165.0,133.0,87.0,False
Khadalpur,khadalpur,Visnagar,1830.0,951.0,879.0,381.0,1496.0,812.0,684.0,10.0,0.0,965.0,572.0,393.0,243.0,147.0,True
Mahamadpur,mahamadpur,Visnagar,1034.0,532.0,502.0,207.0,726.0,425.0,301.0,121.0,0.0,439.0,287.0,152.0,91.0,172.0,False
Kajialiyasana,kajialiyasana,Visnagar,948.0,467.0,481.0,179.0,712.0,387.0,325.0,68.0,0.0,459.0,268.0,191.0,170.0,76.0,False
Khandosan,khandosan,Visnagar,4253.0,2222.0,2031.0,845.0,3164.0,1838.0,1326.0,274.0,0.0,1778.0,1304.0,474.0,768.0,186.0,False
Jetalvasana,jetalvasana,Visnagar,3311.0,1718.0,1593.0,756.0,2758.0,1496.0,1262.0,537.0,0.0,1512.0,985.0,527.0,354.0,390.0,False
Bokarvada,bokarvada,Visnagar,2891.0,1498.0,1393.0,632.0,2405.0,1281.0,1124.0,39.0,0.0,1420.0,879.0,541.0,369.0,513.0,False
Bhandu,bhandu,Visnagar,8228.0,4317.0,3911.0,1709.0,6156.0,3481.0,2675.0,474.0,17.0,3398.0,2397.0,1001.0,825.0,755.0,False
Vadu,vadu,Visnagar,2857.0,1459.0,1398.0,569.0,1978.0,1140.0,838.0,141.0,0.0,1194.0,796.0,398.0,315.0,330.0,True
Satusana,satusana,Visnagar,761.0,380.0,381.0,179.0,639.0,340.0,299.0,79.0,0.0,268.0,233.0,35.0,107.0,42.0,False
Valam,valam,Visnagar,7716.0,3954.0,3762.0,1771.0,6312.0,3346.0,2966.0,1256.0,9.0,2698.0,2209.0,489.0,674.0,1219.0,False
Iyasara,iyasara,Visnagar,1045.0,540.0,505.0,208.0,676.0,413.0,263.0,0.0,0.0,434.0,276.0,158.0,0.0,251.0,False
Rampura,rampura,Visnagar,838.0,426.0,412.0,202.0,721.0,386.0,335.0,247.0,0.0,350.0,240.0,110.0,102.0,107.0,True
Rajgadh,rajgadh,Visnagar,1234.0,630.0,604.0,256.0,905.0,515.0,390.0,50.0,0.0,525.0,345.0,180.0,177.0,142.0,False
Thalota,thalota,Visnagar,2617.0,1363.0,1254.0,549.0,1850.0,1100.0,750.0,211.0,0.0,1056.0,832.0,224.0,285.0,145.0,False
Gunja,gunja,Visnagar,6223.0,3287.0,2936.0,1334.0,4971.0,2782.0,2189.0,393.0,8.0,2647.0,1830.0,817.0,685.0,542.0,False
Ralisana,ralisana,Visnagar,3951.0,2039.0,1912.0,821.0,3099.0,1740.0,1359.0,485.0,0.0,1803.0,1169.0,634.0,366.0,633.0,False
Sunshi,sunshi,Visnagar,1879.0,984.0,895.0,370.0,1446.0,823.0,623.0,386.0,0.0,820.0,575.0,245.0,338.0,180.0,False
Kansa (Part),kansa,Visnagar,9984.0,5232.0,4752.0,2222.0,8395.0,4587.0,3808.0,928.0,14.0,3544.0,2936.0,608.0,952.0,627.0,False
Pudgam,pudgam,Visnagar,3866.0,2007.0,1859.0,775.0,2819.0,1615.0,1204.0,216.0,0.0,1585.0,1140.0,445.0,299.0,585.0,False
Randala,randala,Visnagar,1643.0,857.0,786.0,330.0,1128.0,670.0,458.0,103.0,0.0,631.0,487.0,144.0,112.0,244.0,False
Kansarakui,kansarakui,Visnagar,2748.0,1432.0,1316.0,607.0,2342.0,1247.0,1095.0,502.0,10.0,1551.0,874.0,677.0,359.0,536.0,False
Ravalapura,ravalapura,Visnagar,1052.0,551.0,501.0,206.0,741.0,439.0,302.0,75.0,1.0,587.0,328.0,259.0,220.0,160.0,False
Savala,savala,Visnagar,4726.0,2408.0,2318.0,1005.0,3396.0,1880.0,1516.0,118.0,29.0,1855.0,1381.0,474.0,134.0,651.0,False
Saduthala,saduthala,Visnagar,2513.0,1339.0,1174.0,553.0,2221.0,1188.0,1033.0,189.0,1.0,812.0,754.0,58.0,319.0,217.0,False
Visnagar (Rural),visnagar,Visnagar,1026.0,528.0,498.0,211.0,538.0,326.0,212.0,0.0,0.0,614.0,301.0,313.0,3.0,584.0,False
Ghaghret,ghaghret,Visnagar,2036.0,1041.0,995.0,446.0,1708.0,899.0,809.0,86.0,12.0,1079.0,632.0,447.0,486.0,314.0,False
Kuvasana,kuvasana,Visnagar,2841.0,1466.0,1375.0,618.0,2320.0,1232.0,1088.0,437.0,0.0,974.0,854.0,120.0,390.0,336.0,False
Bhalak,bhalak,Visnagar,5976.0,3113.0,2863.0,1223.0,4234.0,2416.0,1818.0,647.0,0.0,2172.0,1726.0,446.0,174.0,1223.0,False
Laxmipura,laxmipura,Visnagar,1604.0,834.0,770.0,369.0,1330.0,745.0,585.0,0.0,0.0,769.0,477.0,292.0,250.0,59.0,True
Bakarpur,bakarpur,Visnagar,1602.0,824.0,778.0,340.0,1443.0,741.0,702.0,223.0,0.0,749.0,486.0,263.0,194.0,167.0,False
Rangakui,rangakui,Visnagar,1840.0,946.0,894.0,398.0,1543.0,835.0,708.0,35.0,0.0,859.0,557.0,302.0,374.0,18.0,False
Gothva,gothva,Visnagar,11213.0,5701.0,5512.0,2234.0,7733.0,4380.0,3353.0,501.0,9.0,5733.0,3256.0,2477.0,737.0,3058.0,False
Kamalpur (Gothva),kamalpur,Visnagar,1101.0,548.0,553.0,229.0,929.0,475.0,454.0,149.0,0.0,695.0,332.0,363.0,196.0,35.0,True
Kada,kada,Visnagar,6427.0,3356.0,3071.0,1391.0,5024.0,2767.0,2257.0,476.0,4.0,2552.0,1927.0,625.0,858.0,684.0,False
Kamana,kamana,Visnagar,5650.0,2940.0,2710.0,1260.0,4235.0,2408.0,1827.0,403.0,0.0,1957.0,1739.0,218.0,804.0,655.0,False
Becharpura,becharpura,Visnagar,1562.0,815.0,747.0,303.0,1131.0,645.0,486.0,49.0,0.0,706.0,445.0,261.0,271.0,63.0,False
Basana,basana,Visnagar,3039.0,1552.0,1487.0,651.0,2399.0,1294.0,1105.0,217.0,0.0,1415.0,900.0,515.0,342.0,285.0,False
Chitroda Mota,chitroda mota,Visnagar,1809.0,957.0,852.0,327.0,1337.0,758.0,579.0,236.0,0.0,739.0,519.0,220.0,184.0,256.0,False
Chitrodipura,chitrodipura,Visnagar,1418.0,732.0,686.0,263.0,1158.0,617.0,541.0,15.0,0.0,629.0,381.0,248.0,217.0,53.0,True
Magroda,magroda,Visnagar,3020.0,1544.0,1476.0,609.0,2423.0,1331.0,1092.0,91.0,0.0,1020.0,858.0,162.0,424.0,242.0,False
Dadhiyal,dadhiyal,Visnagar,4223.0,2202.0,2021.0,874.0,3067.0,1793.0,1274.0,416.0,0.0,1946.0,1271.0,675.0,589.0,662.0,False
Lachhadi,lachhadi,Visnagar,3262.0,1664.0,1598.0,648.0,2272.0,1267.0,1005.0,120.0,0.0,1243.0,960.0,283.0,454.0,377.0,False
Kharvada,kharvada,Visnagar,3362.0,1760.0,1602.0,676.0,2706.0,1472.0,1234.0,225.0,0.0,1180.0,862.0,318.0,532.0,187.0,False
Thumthal,thumthal,Visnagar,642.0,329.0,313.0,124.0,449.0,254.0,195.0,101.0,0.0,208.0,190.0,18.0,66.0,71.0,False
Megha Aliyasana,megha aliyasana,Visnagar,1652.0,844.0,808.0,292.0,1405.0,721.0,684.0,0.0,0.0,580.0,479.0,101.0,238.0,120.0,False
Gunjala,gunjala,Visnagar,1923.0,1019.0,904.0,386.0,1273.0,746.0,527.0,47.0,0.0,746.0,613.0,133.0,244.0,251.0,False
Ganpatpura,ganpatpura,Visnagar,1003.0,506.0,497.0,194.0,769.0,425.0,344.0,57.0,0.0,530.0,282.0,248.0,176.0,61.0,False
Kamalpur (Kharavada),kamalpur,Visnagar,2233.0,1171.0,1062.0,413.0,1544.0,897.0,647.0,103.0,0.0,832.0,631.0,201.0,259.0,339.0,True
Udalpur,udalpur,Visnagar,4343.0,2279.0,2064.0,865.0,2911.0,1704.0,1207.0,281.0,14.0,1583.0,1192.0,391.0,304.0,766.0,False
Dharusana,dharusana,Visnagar,801.0,412.0,389.0,162.0,554.0,312.0,242.0,9.0,0.0,387.0,228.0,159.0,87.0,97.0,False
Dhamanva,dhamanva,Visnagar,2548.0,1358.0,1190.0,508.0,1937.0,1086.0,851.0,78.0,0.0,812.0,787.0,25.0,374.0,243.0,False
Jaska,jaska,Vadnagar,6746.0,3505.0,3241.0,1369.0,4445.0,2597.0,1848.0,316.0,0.0,2483.0,1958.0,525.0,1219.0,640.0,False
Sundhiya,sundhiya,Vadnagar,14921.0,7773.0,7148.0,2947.0,10631.0,6075.0,4556.0,687.0,11.0,6148.0,4237.0,1911.0,2688.0,2214.0,False
Hajipur,hajipur,Vadnagar,608.0,301.0,307.0,111.0,447.0,230.0,217.0,13.0,0.0,203.0,172.0,31.0,114.0,72.0,True
Shekhpur (Khe),shekhpur,Vadnagar,1387.0,719.0,668.0,261.0,942.0,540.0,402.0,65.0,0.0,502.0,401.0,101.0,229.0,94.0,True
Sipor,sipor,Vadnagar,7070.0,3641.0,3429.0,1538.0,5166.0,2975.0,2191.0,530.0,10.0,2623.0,2018.0,605.0,520.0,867.0,False
Karshanpura,karshanpura,Vadnagar,906.0,455.0,451.0,256.0,694.0,384.0,310.0,0.0,0.0,461.0,246.0,215.0,104.0,129.0,True
Khatasana,khatasana,Vadnagar,1702.0,893.0,809.0,316.0,1293.0,738.0,555.0,60.0,0.0,824.0,518.0,306.0,268.0,220.0,True
Dabu,dabu,Vadnagar,1808.0,922.0,886.0,340.0,1316.0,752.0,564.0,38.0,0.0,711.0,536.0,175.0,264.0,409.0,False
Aspa,aspa,Vadnagar,1971.0,1034.0,937.0,396.0,1243.0,792.0,451.0,247.0,0.0,888.0,593.0,295.0,398.0,421.0,False
Ganeshpura,ganeshpura,Vadnagar,1020.0,536.0,484.0,211.0,740.0,431.0,309.0,246.0,5.0,453.0,306.0,147.0,176.0,152.0,True
Undani,undani,Vadnagar,2293.0,1167.0,1126.0,471.0,1615.0,897.0,718.0,382.0,7.0,1038.0,621.0,417.0,246.0,380.0,False
Khanpur,khanpur,Vadnagar,522.0,262.0,260.0,90.0,470.0,235.0,235.0,0.0,4.0,263.0,158.0,105.0,108.0,1.0,False
Sarna,sarna,Vadnagar,2122.0,1069.0,1053.0,384.0,1404.0,814.0,590.0,0.0,0.0,1090.0,580.0,510.0,501.0,406.0,False
Badarpur,badarpur,Vadnagar,4588.0,2365.0,2223.0,839.0,3760.0,2041.0,1719.0,360.0,0.0,1790.0,1258.0,532.0,687.0,343.0,False
Molipur,molipur,Vadnagar,4627.0,2250.0,2377.0,823.0,3876.0,1885.0,1991.0,264.0,0.0,2117.0,1200.0,917.0,482.0,941.0,False
Sulipur,sulipur,Vadnagar,2415.0,1241.0,1174.0,419.0,1467.0,917.0,550.0,10.0,0.0,1030.0,654.0,376.0,191.0,327.0,False
Kesimpa,kesimpa,Vadnagar,4544.0,2336.0,2208.0,803.0,3305.0,1879.0,1426.0,237.0,1.0,1255.0,1167.0,88.0,669.0,268.0,False
Jagapura,jagapura,Vadnagar,1815.0,942.0,873.0,316.0,1314.0,707.0,607.0,0.0,1.0,543.0,490.0,53.0,475.0,2.0,False
Bajpura,bajpura,Vadnagar,590.0,316.0,274.0,106.0,475.0,257.0,218.0,105.0,0.0,329.0,162.0,167.0,259.0,29.0,False
Babipura,babipura,Vadnagar,1577.0,811.0,766.0,328.0,1180.0,654.0,526.0,99.0,0.0,867.0,496.0,371.0,335.0,38.0,False
Khatoda,khatoda,Vadnagar,1833.0,955.0,878.0,342.0,1327.0,759.0,568.0,100.0,2.0,510.0,495.0,15.0,298.0,146.0,False
Champa,champa,Vadnagar,1207.0,591.0,616.0,230.0,634.0,411.0,223.0,46.0,0.0,607.0,340.0,267.0,58.0,238.0,False
Navapura,navapura,Vadnagar,836.0,448.0,388.0,157.0,535.0,318.0,217.0,27.0,0.0,503.0,248.0,255.0,143.0,0.0,True
Sultanpur,sultanpur,Vadnagar,7547.0,3822.0,3725.0,1352.0,4856.0,2851.0,2005.0,117.0,0.0,3340.0,1924.0,1416.0,1205.0,787.0,False
Shahpur (Vad),shahpur,Vadnagar,3476.0,1739.0,1737.0,729.0,2159.0,1283.0,876.0,146.0,0.0,1507.0,947.0,560.0,540.0,379.0,True
Undhai,undhai,Vadnagar,2593.0,1344.0,1249.0,590.0,1744.0,1020.0,724.0,403.0,0.0,1241.0,772.0,469.0,470.0,190.0,False
Valasana,valasana,Vadnagar,3032.0,1526.0,1506.0,650.0,2154.0,1208.0,946.0,421.0,0.0,880.0,833.0,47.0,374.0,182.0,False
Vaghdi (Juni),vaghdi,Vadnagar,347.0,189.0,158.0,71.0,285.0,161.0,124.0,97.0,0.0,186.0,116.0,70.0,66.0,53.0,False
Vaghadi (Navi),vaghadi,Vadnagar,63.0,35.0,28.0,19.0,35.0,25.0,10.0,0.0,0.0,35.0,22.0,13.0,11.0,16.0,False
Shobhasan,shobhasan,Vadnagar,2661.0,1365.0,1296.0,533.0,1897.0,1085.0,812.0,156.0,19.0,1109.0,770.0,339.0,494.0,213.0,False
Pipaldar,pipaldar,Vadnagar,2147.0,1098.0,1049.0,501.0,1411.0,817.0,594.0,177.0,2.0,872.0,659.0,213.0,355.0,402.0,False
Karbatiya,karbatiya,Vadnagar,3166.0,1633.0,1533.0,708.0,2335.0,1317.0,1018.0,538.0,4.0,1177.0,875.0,302.0,413.0,328.0,False
Sabalpur,sabalpur,Vadnagar,3026.0,1507.0,1519.0,633.0,2261.0,1272.0,989.0,94.0,0.0,1620.0,880.0,740.0,264.0,571.0,False
Rajpur (Vad),rajpur,Vadnagar,1221.0,618.0,603.0,248.0,955.0,539.0,416.0,265.0,0.0,581.0,328.0,253.0,182.0,104.0,True
Kamalpur,kamalpur,Vadnagar,1843.0,959.0,884.0,375.0,1481.0,811.0,670.0,71.0,0.0,875.0,528.0,347.0,244.0,102.0,True
Malekpur,malekpur,Vadnagar,2488.0,1279.0,1209.0,594.0,2120.0,1091.0,1029.0,303.0,0.0,1016.0,762.0,254.0,279.0,222.0,True
Chandpur,chandpur,Vadnagar,543.0,287.0,256.0,124.0,453.0,240.0,213.0,0.0,0.0,177.0,171.0,6.0,22.0,130.0,False
Shekhpur (Vad),shekhpur,Vadnagar,422.0,227.0,195.0,86.0,344.0,197.0,147.0,21.0,0.0,161.0,137.0,24.0,35.0,43.0,True
Kahipur,kahipur,Vadnagar,4656.0,2382.0,2274.0,939.0,3191.0,1854.0,1337.0,365.0,0.0,2422.0,1324.0,1098.0,927.0,300.0,False
Mirjhapur,mirjhapur,Vadnagar,1187.0,615.0,572.0,221.0,891.0,498.0,393.0,38.0,0.0,736.0,368.0,368.0,293.0,119.0,False
Chhabaliya,chhabaliya,Vadnagar,7795.0,4011.0,3784.0,1457.0,4283.0,2676.0,1607.0,0.0,0.0,3966.0,2057.0,1909.0,1127.0,1347.0,False
Anandpura,anandpura,Vadnagar,556.0,269.0,287.0,166.0,508.0,257.0,251.0,0.0,0.0,232.0,155.0,77.0,113.0,0.0,True
Transvad,transvad,Vadnagar,1778.0,903.0,875.0,421.0,1557.0,800.0,757.0,162.0,7.0,839.0,494.0,345.0,243.0,99.0,False
Deriya,deriya,Vijapur,713.0,365.0,348.0,142.0,500.0,279.0,221.0,133.0,15.0,377.0,223.0,154.0,55.0,154.0,False
Techava,techava,Vijapur,1965.0,1010.0,955.0,411.0,1221.0,726.0,495.0,62.0,5.0,927.0,592.0,335.0,331.0,386.0,False
Ransipur,ransipur,Vijapur,2988.0,1539.0,1449.0,645.0,2100.0,1199.0,901.0,202.0,3.0,1361.0,888.0,473.0,264.0,689.0,False
Gundrasan,gundrasan,Vijapur,1791.0,912.0,879.0,415.0,1426.0,783.0,643.0,132.0,4.0,823.0,482.0,341.0,201.0,247.0,False
Bamanva,bamanva,Vijapur,2996.0,1518.0,1478.0,698.0,2224.0,1262.0,962.0,275.0,8.0,1602.0,978.0,624.0,433.0,450.0,False
Malav,malav,Vijapur,856.0,444.0,412.0,196.0,605.0,358.0,247.0,111.0,0.0,332.0,219.0,113.0,169.0,135.0,False
Abasana,abasana,Vijapur,1475.0,742.0,733.0,315.0,1027.0,588.0,439.0,49.0,0.0,820.0,398.0,422.0,164.0,221.0,False
Mandalikharod,mandalikharod,Vijapur,2649.0,1372.0,1277.0,528.0,2017.0,1165.0,852.0,266.0,0.0,1357.0,788.0,569.0,409.0,417.0,False
Jantral,jantral,Vijapur,5788.0,3008.0,2780.0,1247.0,4388.0,2496.0,1892.0,325.0,8.0,3102.0,1799.0,1303.0,966.0,1113.0,False
Kamalpur,kamalpur,Vijapur,2392.0,1236.0,1156.0,483.0,1839.0,1030.0,809.0,57.0,0.0,1384.0,738.0,646.0,351.0,299.0,True
Sardarpur,sardarpur,Vijapur,4523.0,2323.0,2200.0,1007.0,3737.0,2001.0,1736.0,469.0,0.0,2265.0,1352.0,913.0,727.0,713.0,True
Kot,kot,Vijapur,1857.0,981.0,876.0,364.0,1370.0,767.0,603.0,109.0,60.0,784.0,555.0,229.0,282.0,272.0,False
Rampur Kot,rampur kot,Vijapur,2376.0,1227.0,1149.0,506.0,1656.0,972.0,684.0,189.0,0.0,1089.0,676.0,413.0,159.0,514.0,False
Fudeda,fudeda,Vijapur,3963.0,2079.0,1884.0,869.0,2938.0,1665.0,1273.0,196.0,16.0,2080.0,1238.0,842.0,500.0,680.0,False
Pedhamali,pedhamali,Vijapur,3616.0,1916.0,1700.0,789.0,2776.0,1585.0,1191.0,342.0,0.0,1734.0,1110.0,624.0,551.0,653.0,False
Sundarpur,sundarpur,Vijapur,3742.0,1938.0,1804.0,805.0,3068.0,1646.0,1422.0,266.0,6.0,1794.0,1064.0,730.0,494.0,580.0,False
Changod,changod,Vijapur,573.0,287.0,286.0,132.0,494.0,249.0,245.0,74.0,0.0,210.0,146.0,64.0,31.0,58.0,False
Kharod,kharod,Vijapur,6708.0,3588.0,3120.0,1424.0,4483.0,2699.0,1784.0,640.0,24.0,3086.0,2055.0,1031.0,786.0,1305.0,False
Biliya,biliya,Vijapur,2051.0,1041.0,1010.0,440.0,1627.0,883.0,744.0,380.0,11.0,956.0,573.0,383.0,197.0,384.0,False
Morvad,morvad,Vijapur,1698.0,948.0,750.0,367.0,1206.0,752.0,454.0,173.0,6.0,904.0,509.0,395.0,137.0,377.0,False
Gunchhali,gunchhali,Vijapur,1035.0,544.0,491.0,234.0,772.0,453.0,319.0,27.0,0.0,516.0,309.0,207.0,115.0,229.0,False
Tatosan,tatosan,Vijapur,1856.0,963.0,893.0,393.0,1558.0,854.0,704.0,22.0,3.0,1103.0,581.0,522.0,237.0,527.0,False
Abharampura,abharampura,Vijapur,1580.0,826.0,754.0,314.0,1230.0,691.0,539.0,35.0,0.0,784.0,496.0,288.0,315.0,114.0,False
Ladol,ladol,Vijapur,12106.0,6290.0,5816.0,2667.0,8387.0,4717.0,3670.0,993.0,33.0,5121.0,3650.0,1471.0,1227.0,2065.0,False
Soja,soja,Vijapur,2640.0,1343.0,1297.0,493.0,1924.0,1079.0,845.0,183.0,4.0,1214.0,731.0,483.0,264.0,374.0,False
Falu,falu,Vijapur,4019.0,2077.0,1942.0,844.0,3399.0,1820.0,1579.0,343.0,6.0,2184.0,1171.0,1013.0,445.0,754.0,False
Agalod,agalod,Vijapur,1858.0,995.0,863.0,411.0,1280.0,744.0,536.0,63.0,6.0,707.0,552.0,155.0,21.0,261.0,False
Jepur,jepur,Vijapur,3085.0,1633.0,1452.0,672.0,2751.0,1472.0,1279.0,125.0,0.0,1505.0,969.0,536.0,618.0,141.0,False
Hathipura,hathipura,Vijapur,2393.0,1254.0,1139.0,491.0,1781.0,1016.0,765.0,296.0,23.0,1101.0,695.0,406.0,319.0,192.0,False
Malosan,malosan,Vijapur,4458.0,2331.0,2127.0,958.0,3283.0,1889.0,1394.0,326.0,1.0,2384.0,1433.0,951.0,785.0,504.0,False
Pamol,pamol,Vijapur,4883.0,2489.0,2394.0,1041.0,3965.0,2162.0,1803.0,521.0,35.0,2760.0,1468.0,1292.0,886.0,371.0,False
Kelisana,kelisana,Vijapur,1749.0,876.0,873.0,373.0,1414.0,735.0,679.0,184.0,0.0,687.0,496.0,191.0,266.0,197.0,False
Sayajinagar,sayajinagar,Vijapur,834.0,433.0,401.0,217.0,658.0,371.0,287.0,0.0,0.0,528.0,285.0,243.0,302.0,90.0,False
Vadasan,vadasan,Vijapur,2807.0,1487.0,1320.0,602.0,2256.0,1268.0,988.0,146.0,0.0,1431.0,851.0,580.0,402.0,521.0,False
Dagavadiya,dagavadiya,Vijapur,2923.0,1514.0,1409.0,567.0,2607.0,1349.0,1258.0,438.0,0.0,1798.0,895.0,903.0,200.0,318.0,False
Asoda,asoda,Vijapur,1359.0,685.0,674.0,277.0,963.0,558.0,405.0,130.0,0.0,616.0,379.0,237.0,58.0,275.0,False
Manekpur Dabhala,manekpur dabhala,Vijapur,870.0,440.0,430.0,170.0,723.0,380.0,343.0,4.0,0.0,285.0,262.0,23.0,205.0,19.0,False
Dabhala,dabhala,Vijapur,9503.0,4941.0,4562.0,1867.0,6408.0,3616.0,2792.0,228.0,0.0,3974.0,2709.0,1265.0,1313.0,947.0,False
Devda,devda,Vijapur,2639.0,1337.0,1302.0,587.0,2043.0,1097.0,946.0,130.0,4.0,914.0,736.0,178.0,179.0,541.0,False
Sokhada,sokhada,Vijapur,1811.0,924.0,887.0,386.0,1391.0,779.0,612.0,264.0,0.0,834.0,569.0,265.0,321.0,197.0,False
Gerita,gerita,Vijapur,4282.0,2227.0,2055.0,954.0,3000.0,1727.0,1273.0,265.0,0.0,2017.0,1285.0,732.0,454.0,718.0,False
Ashnapur (Gerita),ashnapur,Vijapur,842.0,428.0,414.0,163.0,747.0,393.0,354.0,0.0,0.0,489.0,248.0,241.0,199.0,30.0,False
Gavada,gavada,Vijapur,5965.0,3076.0,2889.0,1299.0,4308.0,2454.0,1854.0,453.0,24.0,2613.0,1794.0,819.0,535.0,1193.0,False
Vijapur(Rural) (Part),vijapur,Vijapur,11938.0,6274.0,5664.0,2443.0,9293.0,5233.0,4060.0,802.0,73.0,5683.0,3515.0,2168.0,1564.0,1302.0,False
Hirpura,hirpura,Vijapur,3776.0,1980.0,1796.0,767.0,2893.0,1629.0,1264.0,253.0,0.0,1888.0,1087.0,801.0,492.0,441.0,False
Gadhada,gadhada,Vijapur,1101.0,569.0,532.0,217.0,699.0,439.0,260.0,0.0,0.0,702.0,359.0,343.0,282.0,240.0,False
Ganeshpura,ganeshpura,Vijapur,1749.0,879.0,870.0,347.0,1265.0,693.0,572.0,247.0,0.0,866.0,525.0,341.0,169.0,139.0,True
Devpura,devpura,Vijapur,2058.0,1057.0,1001.0,386.0,1435.0,821.0,614.0,110.0,0.0,1060.0,593.0,467.0,245.0,182.0,False
Kolavda,kolavda,Vijapur,4010.0,2043.0,1967.0,897.0,3144.0,1686.0,1458.0,134.0,4.0,1481.0,1172.0,309.0,454.0,652.0,False
Ubkhal,ubkhal,Vijapur,4208.0,2203.0,2005.0,889.0,2747.0,1590.0,1157.0,222.0,14.0,2030.0,1345.0,685.0,241.0,784.0,False
Kukarvada,kukarvada,Vijapur,12602.0,6562.0,6040.0,2744.0,9981.0,5561.0,4420.0,587.0,33.0,4983.0,3806.0,1177.0,814.0,1437.0,False
Vasai (Dabhla),vasai,Vijapur,11609.0,5999.0,5610.0,2527.0,8887.0,4951.0,3936.0,497.0,2.0,4758.0,3512.0,1246.0,1349.0,1040.0,True
Tintodan,tintodan,Vijapur,3562.0,1880.0,1682.0,756.0,2541.0,1452.0,1089.0,287.0,0.0,1493.0,1110.0,383.0,288.0,683.0,False
Motipura (Tintodan),motipura,Vijapur,948.0,488.0,460.0,239.0,899.0,457.0,442.0,0.0,0.0,481.0,274.0,207.0,207.0,1.0,False
Pilvai,pilvai,Vijapur,8690.0,4517.0,4173.0,1905.0,6559.0,3602.0,2957.0,746.0,98.0,3270.0,2445.0,825.0,680.0,969.0,False
Khanusa,khanusa,Vijapur,3816.0,1991.0,1825.0,837.0,2974.0,1645.0,1329.0,226.0,36.0,1321.0,1074.0,247.0,236.0,453.0,False
Kotadi,kotadi,Vijapur,3616.0,1808.0,1808.0,748.0,2379.0,1425.0,954.0,100.0,0.0,1644.0,912.0,732.0,77.0,1315.0,False
Ranchhodpura,ranchhodpura,Vijapur,583.0,294.0,289.0,130.0,455.0,255.0,200.0,0.0,0.0,365.0,183.0,182.0,87.0,44.0,True
Rampur Kuvayda,rampur kuvayda,Vijapur,1395.0,714.0,681.0,274.0,1073.0,597.0,476.0,41.0,0.0,777.0,405.0,372.0,207.0,132.0,False
Dhanpura (Ghantu),dhanpura,Vijapur,3315.0,1731.0,1584.0,723.0,2607.0,1486.0,1121.0,193.0,14.0,1616.0,986.0,630.0,479.0,379.0,True
Bhimpur Valor,bhimpur valor,Vijapur,1134.0,590.0,544.0,238.0,886.0,494.0,392.0,19.0,0.0,537.0,347.0,190.0,96.0,264.0,False
Sanghpur,sanghpur,Vijapur,5811.0,3021.0,2790.0,1174.0,4438.0,2514.0,1924.0,353.0,6.0,3180.0,1723.0,1457.0,805.0,689.0,False
Kanbha,kanbha,Vijapur,1109.0,572.0,537.0,251.0,825.0,474.0,351.0,78.0,0.0,417.0,317.0,100.0,110.0,163.0,False
Ranasan,ranasan,Vijapur,5334.0,2732.0,2602.0,1217.0,4296.0,2290.0,2006.0,340.0,14.0,1908.0,1515.0,393.0,458.0,364.0,False
Virta,virta,Mahesana,2095.0,1071.0,1024.0,477.0,1579.0,881.0,698.0,132.0,0.0,856.0,582.0,274.0,313.0,152.0,False
Gorad,gorad,Mahesana,3095.0,1648.0,1447.0,715.0,2676.0,1472.0,1204.0,260.0,0.0,1717.0,934.0,783.0,464.0,630.0,False
Kharsada,kharsada,Mahesana,1103.0,571.0,532.0,266.0,844.0,483.0,361.0,248.0,0.0,483.0,322.0,161.0,122.0,161.0,False
Davada,davada,Mahesana,2431.0,1266.0,1165.0,476.0,1670.0,978.0,692.0,56.0,0.0,1055.0,710.0,345.0,319.0,257.0,False
Rupal,rupal,Mahesana,343.0,187.0,156.0,82.0,266.0,155.0,111.0,79.0,0.0,171.0,106.0,65.0,64.0,59.0,False
Haripura,haripura,Mahesana,334.0,173.0,161.0,88.0,273.0,157.0,116.0,0.0,0.0,169.0,109.0,60.0,84.0,11.0,True
Buttapaldi,buttapaldi,Mahesana,2091.0,1090.0,1001.0,461.0,1428.0,853.0,575.0,111.0,0.0,767.0,636.0,131.0,159.0,349.0,False
Motidau,motidau,Mahesana,4986.0,2576.0,2410.0,1035.0,3683.0,2084.0,1599.0,516.0,11.0,2376.0,1444.0,932.0,654.0,684.0,False
Bamosana,bamosana,Mahesana,2701.0,1398.0,1303.0,571.0,2439.0,1264.0,1175.0,422.0,0.0,1048.0,819.0,229.0,396.0,220.0,False
Ghadha,ghadha,Mahesana,1994.0,1041.0,953.0,409.0,1448.0,833.0,615.0,186.0,0.0,934.0,623.0,311.0,297.0,345.0,False
Piludara,piludara,Mahesana,4426.0,2248.0,2178.0,966.0,3730.0,1960.0,1770.0,510.0,0.0,1923.0,1310.0,613.0,533.0,554.0,False
Nanidau,nanidau,Mahesana,3742.0,1961.0,1781.0,736.0,2157.0,1358.0,799.0,0.0,0.0,1850.0,1046.0,804.0,304.0,1012.0,False
Palodar,palodar,Mahesana,3671.0,1939.0,1732.0,829.0,2879.0,1635.0,1244.0,252.0,0.0,1533.0,1149.0,384.0,423.0,356.0,False
Chhathiyarda,chhathiyarda,Mahesana,6085.0,3178.0,2907.0,1367.0,3915.0,2303.0,1612.0,705.0,305.0,2392.0,1843.0,549.0,294.0,322.0,False
Aloda,aloda,Mahesana,1783.0,942.0,841.0,382.0,1341.0,769.0,572.0,10.0,204.0,805.0,501.0,304.0,85.0,73.0,False
Hardesan,hardesan,Mahesana,852.0,457.0,395.0,157.0,581.0,351.0,230.0,33.0,0.0,508.0,261.0,247.0,135.0,64.0,False
Panchot,panchot,Mahesana,9214.0,4860.0,4354.0,1983.0,7698.0,4131.0,3567.0,599.0,1.0,2957.0,2648.0,309.0,703.0,333.0,False
Ramosana,ramosana,Mahesana,6653.0,3469.0,3184.0,1393.0,5131.0,2843.0,2288.0,337.0,21.0,2215.0,1850.0,365.0,154.0,249.0,False
Taleti,taleti,Mahesana,1808.0,957.0,851.0,392.0,1344.0,816.0,528.0,240.0,0.0,646.0,573.0,73.0,107.0,22.0,False
Tavadiya,tavadiya,Mahesana,1705.0,873.0,832.0,327.0,1268.0,738.0,530.0,231.0,5.0,859.0,501.0,358.0,181.0,116.0,False
Chitrodipura,chitrodipura,Mahesana,1630.0,847.0,783.0,319.0,1124.0,673.0,451.0,0.0,0.0,861.0,474.0,387.0,133.0,145.0,True
Dela,dela,Mahesana,1912.0,981.0,931.0,366.0,1468.0,793.0,675.0,254.0,0.0,818.0,532.0,286.0,271.0,100.0,False
Ucharpi,ucharpi,Mahesana,917.0,498.0,419.0,172.0,704.0,413.0,291.0,73.0,0.0,411.0,275.0,136.0,119.0,58.0,False
Dediyasan (Part),dediyasan,Mahesana,3957.0,2049.0,1908.0,810.0,2999.0,1679.0,1320.0,360.0,4.0,1203.0,1048.0,155.0,192.0,168.0,False
Gilosan,gilosan,Mahesana,1008.0,528.0,480.0,189.0,730.0,400.0,330.0,0.0,9.0,335.0,288.0,47.0,86.0,72.0,False
Bodla,bodla,Mahesana,1383.0,729.0,654.0,291.0,1153.0,616.0,537.0,36.0,25.0,677.0,442.0,235.0,178.0,107.0,False
Hinglajpura,hinglajpura,Mahesana,555.0,283.0,272.0,138.0,514.0,266.0,248.0,53.0,0.0,226.0,163.0,63.0,118.0,46.0,False
Maguna,maguna,Mahesana,3992.0,2088.0,1904.0,847.0,2985.0,1711.0,1274.0,225.0,0.0,1424.0,1166.0,258.0,483.0,628.0,False
Nugar,nugar,Mahesana,3352.0,1767.0,1585.0,673.0,2388.0,1365.0,1023.0,219.0,0.0,1895.0,994.0,901.0,384.0,966.0,False
Lakhavad,lakhavad,Mahesana,4914.0,2594.0,2320.0,1062.0,3821.0,2128.0,1693.0,465.0,21.0,1918.0,1433.0,485.0,373.0,460.0,False
Devrasan,devrasan,Mahesana,3330.0,1720.0,1610.0,701.0,2694.0,1472.0,1222.0,172.0,0.0,1228.0,979.0,249.0,205.0,360.0,False
Rampura (Kukas),rampura,Mahesana,1203.0,630.0,573.0,218.0,943.0,526.0,417.0,40.0,0.0,336.0,293.0,43.0,129.0,112.0,True
Kukas,kukas,Mahesana,2575.0,1321.0,1254.0,515.0,1914.0,1056.0,858.0,224.0,0.0,1148.0,736.0,412.0,287.0,111.0,False
Heduva Hanumat,heduva hanumat,Mahesana,4323.0,2389.0,1934.0,1030.0,3511.0,2020.0,1491.0,318.0,117.0,1555.0,1342.0,213.0,148.0,110.0,False
Palwasana (Part),palwasana,Mahesana,3018.0,1513.0,1505.0,597.0,2083.0,1184.0,899.0,211.0,6.0,1002.0,799.0,203.0,116.0,226.0,False
Heduva-Rajgar,heduva rajgar,Mahesana,1313.0,668.0,645.0,261.0,962.0,552.0,410.0,12.0,3.0,436.0,366.0,70.0,93.0,140.0,False
Karshanpura,karshanpura,Mahesana,573.0,302.0,271.0,122.0,462.0,250.0,212.0,0.0,0.0,344.0,175.0,169.0,127.0,28.0,True
Devinapura,devinapura,Mahesana,1048.0,544.0,504.0,256.0,876.0,481.0,395.0,44.0,0.0,326.0,296.0,30.0,162.0,75.0,False
Deloli,deloli,Mahesana,1753.0,893.0,860.0,404.0,1325.0,748.0,577.0,156.0,0.0,914.0,537.0,377.0,243.0,155.0,False
Ijpura Barot,ijpura barot,Mahesana,661.0,339.0,322.0,153.0,490.0,285.0,205.0,12.0,0.0,356.0,215.0,141.0,81.0,148.0,False
Palaj,palaj,Mahesana,2137.0,1091.0,1046.0,438.0,1420.0,822.0,598.0,272.0,0.0,1201.0,670.0,531.0,410.0,297.0,False
Gamanpura,gamanpura,Mahesana,1478.0,778.0,700.0,332.0,1272.0,705.0,567.0,301.0,0.0,513.0,424.0,89.0,140.0,185.0,True
Mitha,mitha,Mahesana,1716.0,883.0,833.0,364.0,1299.0,733.0,566.0,402.0,4.0,665.0,515.0,150.0,122.0,234.0,False
Sametra,sametra,Mahesana,2986.0,1522.0,1464.0,637.0,2114.0,1194.0,920.0,361.0,0.0,1347.0,896.0,451.0,235.0,591.0,False
Mareda,mareda,Mahesana,2519.0,1293.0,1226.0,499.0,2023.0,1107.0,916.0,140.0,0.0,1077.0,749.0,328.0,378.0,66.0,False
Vadosan,vadosan,Mahesana,3304.0,1727.0,1577.0,629.0,2194.0,1340.0,854.0,182.0,0.0,1310.0,888.0,422.0,305.0,143.0,False
Sakhpurda,sakhpurda,Mahesana,1381.0,686.0,695.0,261.0,968.0,545.0,423.0,37.0,0.0,406.0,365.0,41.0,98.0,158.0,False
Sobhasan,sobhasan,Mahesana,2509.0,1321.0,1188.0,512.0,1711.0,1006.0,705.0,216.0,0.0,883.0,733.0,150.0,148.0,382.0,False
Hebuva,hebuva,Mahesana,1654.0,879.0,775.0,319.0,1422.0,749.0,673.0,115.0,0.0,669.0,504.0,165.0,133.0,171.0,False
Kadvasan,kadvasan,Mahesana,1634.0,853.0,781.0,341.0,1374.0,748.0,626.0,0.0,0.0,656.0,463.0,193.0,81.0,181.0,False
Kherva,kherva,Mahesana,9448.0,4960.0,4488.0,1996.0,7533.0,4100.0,3433.0,450.0,9.0,3732.0,2810.0,922.0,727.0,1068.0,False
Punasan,punasan,Mahesana,2272.0,1172.0,1100.0,463.0,1885.0,995.0,890.0,172.0,1.0,933.0,651.0,282.0,340.0,213.0,False
Mevad,mevad,Mahesana,2124.0,1107.0,1017.0,393.0,1869.0,984.0,885.0,63.0,0.0,860.0,597.0,263.0,277.0,121.0,False
Boriavi,boriavi,Mahesana,5815.0,3009.0,2806.0,1128.0,4381.0,2473.0,1908.0,385.0,4.0,2298.0,1702.0,596.0,583.0,711.0,False
Khara,khara,Mahesana,2416.0,1269.0,1147.0,486.0,1796.0,1028.0,768.0,50.0,0.0,1332.0,725.0,607.0,187.0,397.0,False
Laxmipura,laxmipura,Mahesana,1136.0,586.0,550.0,252.0,959.0,508.0,451.0,0.0,0.0,586.0,314.0,272.0,199.0,7.0,True
Balol,balol,Mahesana,5374.0,2806.0,2568.0,1161.0,4314.0,2368.0,1946.0,303.0,5.0,2284.0,1657.0,627.0,627.0,512.0,False
Nadasa,nadasa,Mahesana,2642.0,1357.0,1285.0,573.0,1800.0,1072.0,728.0,186.0,0.0,1035.0,800.0,235.0,339.0,324.0,False
Gokalpura,gokalpura,Mahesana,578.0,283.0,295.0,138.0,418.0,232.0,186.0,45.0,0.0,376.0,187.0,189.0,108.0,19.0,False
Martoli,martoli,Mahesana,1369.0,710.0,659.0,336.0,977.0,596.0,381.0,156.0,0.0,802.0,450.0,352.0,204.0,188.0,False
Ajabpura,ajabpura,Mahesana,1128.0,577.0,551.0,242.0,803.0,475.0,328.0,166.0,0.0,414.0,340.0,74.0,184.0,113.0,True
Kasalpura,kasalpura,Mahesana,1522.0,791.0,731.0,340.0,1227.0,670.0,557.0,154.0,2.0,578.0,442.0,136.0,282.0,189.0,False
Modipur,modipur,Mahesana,1045.0,527.0,518.0,232.0,752.0,433.0,319.0,190.0,2.0,409.0,300.0,109.0,76.0,123.0,False
Manknaj,manknaj,Mahesana,4454.0,2339.0,2115.0,964.0,3216.0,1860.0,1356.0,154.0,0.0,1714.0,1254.0,460.0,740.0,434.0,False
Bhesana,bhesana,Mahesana,2564.0,1377.0,1187.0,529.0,1976.0,1146.0,830.0,119.0,0.0,885.0,749.0,136.0,475.0,122.0,False
Jagudan,jagudan,Mahesana,5480.0,2838.0,2642.0,1179.0,4084.0,2269.0,1815.0,484.0,2.0,1809.0,1605.0,204.0,261.0,515.0,False
Sanganpur,sanganpur,Mahesana,3054.0,1564.0,1490.0,628.0,2218.0,1260.0,958.0,187.0,0.0,1148.0,885.0,263.0,276.0,395.0,False
Mulsan,mulsan,Mahesana,3769.0,1941.0,1828.0,706.0,2497.0,1470.0,1027.0,108.0,0.0,2039.0,1110.0,929.0,467.0,840.0,False
Padhariya,padhariya,Mahesana,2642.0,1395.0,1247.0,545.0,1707.0,982.0,725.0,38.0,0.0,1188.0,771.0,417.0,379.0,197.0,False
Dhandhusan,dhandhusan,Mahesana,2119.0,1091.0,1028.0,455.0,1658.0,917.0,741.0,114.0,0.0,860.0,611.0,249.0,205.0,229.0,False
Gojhariya,gojhariya,Mahesana,13933.0,7256.0,6677.0,2999.0,11325.0,6093.0,5232.0,568.0,90.0,4676.0,4011.0,665.0,729.0,1232.0,False
Badalpura,badalpura,Mahesana,1063.0,539.0,524.0,222.0,699.0,403.0,296.0,0.0,0.0,640.0,330.0,310.0,174.0,414.0,False
Meu,meu,Mahesana,7587.0,3877.0,3710.0,1497.0,5314.0,3039.0,2275.0,785.0,3.0,3301.0,2214.0,1087.0,896.0,1545.0,False
Balvantpura,balvantpura,Mahesana,588.0,311.0,277.0,115.0,397.0,239.0,158.0,0.0,0.0,177.0,168.0,9.0,61.0,83.0,False
Akhaj,akhaj,Mahesana,4634.0,2404.0,2230.0,932.0,3561.0,1977.0,1584.0,314.0,6.0,1771.0,1329.0,442.0,453.0,506.0,False
Bhakadiya,bhakadiya,Mahesana,1376.0,721.0,655.0,259.0,972.0,553.0,419.0,86.0,0.0,620.0,402.0,218.0,218.0,53.0,False
Geratpur,geratpur,Mahesana,257.0,131.0,126.0,60.0,164.0,104.0,60.0,12.0,0.0,151.0,85.0,66.0,17.0,77.0,False
Kochva,kochva,Mahesana,1220.0,652.0,568.0,256.0,886.0,534.0,352.0,0.0,0.0,394.0,369.0,25.0,70.0,257.0,False
Ditasan,ditasan,Mahesana,1253.0,633.0,620.0,227.0,906.0,512.0,394.0,11.0,0.0,480.0,340.0,140.0,74.0,150.0,False
Linch,linch,Mahesana,10168.0,5275.0,4893.0,2172.0,6688.0,3901.0,2787.0,502.0,7.0,3836.0,2943.0,893.0,941.0,1042.0,False
Ambasan,ambasan,Mahesana,4696.0,2428.0,2268.0,1062.0,3713.0,2071.0,1642.0,392.0,0.0,2005.0,1384.0,621.0,425.0,536.0,False
Ranipura,ranipura,Mahesana,766.0,398.0,368.0,177.0,666.0,347.0,319.0,216.0,0.0,436.0,230.0,206.0,42.0,157.0,False
Jotana,jotana,Mahesana,7118.0,3748.0,3370.0,1550.0,5041.0,2924.0,2117.0,987.0,0.0,2817.0,2107.0,710.0,323.0,825.0,False
Santhal,santhal,Mahesana,3966.0,2045.0,1921.0,831.0,2988.0,1679.0,1309.0,458.0,8.0,1808.0,1187.0,621.0,490.0,368.0,False
Katosan,katosan,Mahesana,4242.0,2184.0,2058.0,876.0,2494.0,1609.0,885.0,96.0,0.0,1507.0,1179.0,328.0,261.0,539.0,False
Tejpura,tejpura,Mahesana,1233.0,615.0,618.0,247.0,815.0,487.0,328.0,13.0,0.0,464.0,335.0,129.0,86.0,117.0,False
Kanpura,kanpura,Mahesana,502.0,248.0,254.0,117.0,398.0,202.0,196.0,36.0,0.0,154.0,150.0,4.0,87.0,15.0,False
Rampura (Katosan),rampura,Mahesana,1838.0,954.0,884.0,415.0,1154.0,713.0,441.0,27.0,0.0,1102.0,593.0,509.0,250.0,415.0,True
Virsoda,virsoda,Mahesana,1665.0,877.0,788.0,310.0,1101.0,642.0,459.0,36.0,0.0,670.0,496.0,174.0,166.0,296.0,False
Dhanpura,dhanpura,Mahesana,478.0,245.0,233.0,111.0,396.0,217.0,179.0,47.0,0.0,144.0,140.0,4.0,53.0,10.0,True
Ijpura Jethaji,ijpura jethaji,Mahesana,1271.0,661.0,610.0,273.0,884.0,513.0,371.0,221.0,0.0,501.0,375.0,126.0,125.0,192.0,False
Memadpur,memadpur,Mahesana,2413.0,1243.0,1170.0,507.0,1479.0,925.0,554.0,148.0,0.0,1088.0,687.0,401.0,249.0,287.0,False
Jakasna,jakasna,Mahesana,2180.0,1087.0,1093.0,471.0,1528.0,867.0,661.0,288.0,0.0,730.0,597.0,133.0,136.0,310.0,False
Sidosan,sidosan,Mahesana,699.0,366.0,333.0,140.0,478.0,288.0,190.0,166.0,0.0,262.0,194.0,68.0,72.0,66.0,False
Khadalpur,khadalpur,Mahesana,2561.0,1351.0,1210.0,542.0,1905.0,1087.0,818.0,144.0,0.0,1215.0,788.0,427.0,382.0,448.0,True
Dholasan,dholasan,Mahesana,3363.0,1752.0,1611.0,692.0,2498.0,1428.0,1070.0,92.0,0.0,1165.0,972.0,193.0,282.0,540.0,True
Jetalpur,jetalpur,Mahesana,1363.0,682.0,681.0,280.0,1146.0,603.0,543.0,90.0,0.0,575.0,378.0,197.0,408.0,112.0,False
Chaluva,chaluva,Mahesana,4673.0,2479.0,2194.0,881.0,2712.0,1706.0,1006.0,147.0,0.0,2093.0,1414.0,679.0,551.0,707.0,False
Langhnaj,langhnaj,Mahesana,9182.0,4778.0,4404.0,1926.0,6826.0,3843.0,2983.0,585.0,12.0,3981.0,2665.0,1316.0,699.0,1735.0,False
Charadu,charadu,Mahesana,5865.0,3046.0,2819.0,1117.0,4368.0,2415.0,1953.0,81.0,0.0,2103.0,1737.0,366.0,1074.0,655.0,False
Saldi,saldi,Mahesana,2890.0,1479.0,1411.0,628.0,2164.0,1212.0,952.0,57.0,0.0,1509.0,846.0,663.0,425.0,388.0,False
Jamnapur,jamnapur,Mahesana,1531.0,794.0,737.0,290.0,1088.0,620.0,468.0,77.0,0.0,691.0,431.0,260.0,141.0,261.0,False
Jornang,jornang,Mahesana,6468.0,3352.0,3116.0,1312.0,5154.0,2771.0,2383.0,351.0,5.0,2106.0,1785.0,321.0,512.0,645.0,False
Mandali,mandali,Mahesana,4093.0,2124.0,1969.0,765.0,3018.0,1677.0,1341.0,182.0,0.0,1254.0,1120.0,134.0,298.0,426.0,True
Bhasariya,bhasariya,Mahesana,2914.0,1541.0,1373.0,557.0,2219.0,1268.0,951.0,821.0,0.0,1036.0,851.0,185.0,186.0,515.0,False
Divanpura-Alias-Apapura,divanpura alias apapura,Mahesana,1735.0,898.0,837.0,380.0,1228.0,699.0,529.0,139.0,0.0,811.0,503.0,308.0,257.0,218.0,False
Harsundal,harsundal,Mahesana,2003.0,1066.0,937.0,393.0,1274.0,777.0,497.0,132.0,12.0,776.0,540.0,236.0,288.0,112.0,False
Mudarda,mudarda,Mahesana,3870.0,2042.0,1828.0,769.0,2772.0,1573.0,1199.0,82.0,0.0,1502.0,1138.0,364.0,133.0,926.0,False
Tundali,tundali,Mahesana,2743.0,1438.0,1305.0,529.0,2174.0,1153.0,1021.0,115.0,0.0,866.0,814.0,52.0,229.0,395.0,False
Navi Sedhavi,navi sedhavi,Mahesana,1929.0,1023.0,906.0,382.0,1403.0,805.0,598.0,240.0,0.0,938.0,584.0,354.0,207.0,285.0,False
Juni Sedhavi,juni sedhavi,Mahesana,1647.0,859.0,788.0,362.0,1190.0,678.0,512.0,95.0,0.0,652.0,516.0,136.0,203.0,232.0,False
Hadvi,hadvi,Mahesana,780.0,415.0,365.0,160.0,565.0,321.0,244.0,94.0,0.0,235.0,223.0,12.0,62.0,85.0,False
Vadasma,vadasma,Mahesana,6522.0,3400.0,3122.0,1336.0,4851.0,2726.0,2125.0,497.0,0.0,2839.0,1894.0,945.0,754.0,752.0,False
Kakasna,kakasna,Becharaji,275.0,151.0,124.0,58.0,172.0,111.0,61.0,15.0,0.0,150.0,90.0,60.0,25.0,99.0,False
Kanoda,kanoda,Becharaji,1694.0,897.0,797.0,384.0,1308.0,737.0,571.0,131.0,0.0,565.0,533.0,32.0,215.0,253.0,False
Bhalgamda,bhalgamda,Becharaji,1130.0,573.0,557.0,222.0,746.0,439.0,307.0,0.0,0.0,528.0,327.0,201.0,89.0,393.0,False
Gambhu,gambhu,Becharaji,4015.0,2072.0,1943.0,924.0,3194.0,1772.0,1422.0,332.0,0.0,2061.0,1219.0,842.0,603.0,659.0,False
Ajabpura,ajabpura,Becharaji,441.0,229.0,212.0,76.0,264.0,162.0,102.0,0.0,0.0,174.0,142.0,32.0,44.0,98.0,True
Khambhel,khambhel,Becharaji,2697.0,1401.0,1296.0,538.0,1555.0,977.0,578.0,373.0,3.0,1076.0,799.0,277.0,205.0,426.0,False
Ambala,ambala,Becharaji,2155.0,1086.0,1069.0,455.0,1634.0,919.0,715.0,96.0,0.0,954.0,660.0,294.0,161.0,490.0,False
Mandali,mandali,Becharaji,1090.0,533.0,557.0,208.0,691.0,399.0,292.0,344.0,13.0,352.0,322.0,30.0,97.0,220.0,True
Chandroda,chandroda,Becharaji,2081.0,1099.0,982.0,376.0,1116.0,719.0,397.0,227.0,1.0,556.0,534.0,22.0,236.0,278.0,False
Surpura,surpura,Becharaji,951.0,490.0,461.0,215.0,545.0,330.0,215.0,243.0,0.0,410.0,282.0,128.0,122.0,72.0,True
Venpura,venpura,Becharaji,1017.0,502.0,515.0,239.0,721.0,420.0,301.0,18.0,0.0,557.0,332.0,225.0,234.0,248.0,False
Adivada,adivada,Becharaji,1952.0,1008.0,944.0,415.0,1369.0,778.0,591.0,11.0,0.0,661.0,598.0,63.0,307.0,217.0,False
Modhera,modhera,Becharaji,6373.0,3335.0,3038.0,1372.0,4360.0,2539.0,1821.0,870.0,7.0,2538.0,1852.0,686.0,779.0,1074.0,False
Vijapurda,vijapurda,Becharaji,1105.0,550.0,555.0,261.0,917.0,488.0,429.0,136.0,1.0,337.0,302.0,35.0,153.0,35.0,False
Dedarda,dedarda,Becharaji,464.0,235.0,229.0,105.0,385.0,209.0,176.0,37.0,0.0,231.0,146.0,85.0,57.0,18.0,False
Ranela,ranela,Becharaji,2267.0,1095.0,1172.0,460.0,1784.0,905.0,879.0,306.0,72.0,1227.0,620.0,607.0,203.0,336.0,False
Motap,motap,Becharaji,2952.0,1527.0,1425.0,643.0,2222.0,1279.0,943.0,324.0,0.0,1252.0,903.0,349.0,325.0,406.0,False
Saduthla,saduthla,Becharaji,1672.0,838.0,834.0,347.0,1086.0,669.0,417.0,64.0,0.0,739.0,476.0,263.0,180.0,301.0,False
Udela,udela,Becharaji,348.0,186.0,162.0,87.0,238.0,144.0,94.0,44.0,0.0,175.0,110.0,65.0,39.0,33.0,False
Jetpur,jetpur,Becharaji,2644.0,1370.0,1274.0,536.0,1796.0,1072.0,724.0,174.0,0.0,1479.0,785.0,694.0,317.0,217.0,False
Ranchhodpura,ranchhodpura,Becharaji,666.0,338.0,328.0,122.0,400.0,248.0,152.0,4.0,0.0,298.0,183.0,115.0,62.0,62.0,True
Karansagar,karansagar,Becharaji,1193.0,612.0,581.0,222.0,762.0,476.0,286.0,242.0,0.0,639.0,326.0,313.0,162.0,226.0,False
Matrasan,matrasan,Becharaji,887.0,479.0,408.0,163.0,545.0,362.0,183.0,28.0,0.0,518.0,279.0,239.0,218.0,255.0,False
Sujanpura,sujanpura,Becharaji,1002.0,489.0,513.0,159.0,634.0,364.0,270.0,72.0,0.0,362.0,281.0,81.0,182.0,61.0,False
Poyda,poyda,Becharaji,965.0,484.0,481.0,169.0,472.0,304.0,168.0,0.0,0.0,397.0,250.0,147.0,96.0,130.0,False
Delvada Khant,delvada khant,Becharaji,2283.0,1115.0,1168.0,394.0,1323.0,790.0,533.0,305.0,0.0,759.0,522.0,237.0,127.0,317.0,False
Delpura Khant,delpura khant,Becharaji,1542.0,791.0,751.0,299.0,928.0,589.0,339.0,83.0,0.0,962.0,471.0,491.0,168.0,667.0,False
Dodivada,dodivada,Becharaji,2406.0,1250.0,1156.0,502.0,1471.0,922.0,549.0,134.0,2.0,962.0,683.0,279.0,272.0,165.0,False
Sanpavada,sanpavada,Becharaji,2661.0,1351.0,1310.0,536.0,1510.0,940.0,570.0,97.0,0.0,1197.0,794.0,403.0,684.0,51.0,False
Suraj,suraj,Becharaji,1775.0,930.0,845.0,321.0,1001.0,649.0,352.0,178.0,0.0,905.0,548.0,357.0,578.0,46.0,True
Finchdi,finchdi,Becharaji,2484.0,1293.0,1191.0,468.0,1374.0,889.0,485.0,134.0,0.0,1121.0,739.0,382.0,325.0,498.0,False
Sankhalpur,sankhalpur,Becharaji,4170.0,2164.0,2006.0,942.0,2733.0,1575.0,1158.0,738.0,8.0,1931.0,1291.0,640.0,319.0,742.0,False
Edala,edala,Becharaji,1740.0,901.0,839.0,330.0,947.0,612.0,335.0,69.0,0.0,550.0,454.0,96.0,162.0,249.0,False
Ganeshpura,ganeshpura,Becharaji,1655.0,851.0,804.0,370.0,1146.0,674.0,472.0,74.0,0.0,695.0,503.0,192.0,296.0,247.0,True
Dharpura-Khant,dharpura khant,Becharaji,2211.0,1087.0,1124.0,415.0,1166.0,764.0,402.0,0.0,0.0,1285.0,607.0,678.0,393.0,311.0,False
Chhatasana,chhatasana,Becharaji,754.0,401.0,353.0,167.0,514.0,290.0,224.0,82.0,0.0,516.0,261.0,255.0,171.0,46.0,False
Dhanpura,dhanpura,Becharaji,773.0,415.0,358.0,184.0,516.0,326.0,190.0,245.0,0.0,416.0,237.0,179.0,166.0,32.0,True
Vanpur,vanpur,Becharaji,143.0,64.0,79.0,26.0,93.0,45.0,48.0,0.0,0.0,85.0,38.0,47.0,16.0,0.0,False
Asjol,asjol,Becharaji,2379.0,1244.0,1135.0,510.0,1567.0,938.0,629.0,114.0,0.0,1241.0,730.0,511.0,198.0,261.0,False
Indrap,indrap,Becharaji,810.0,433.0,377.0,170.0,521.0,344.0,177.0,62.0,0.0,403.0,236.0,167.0,70.0,270.0,False
Chadasna,chadasna,Becharaji,1508.0,747.0,761.0,329.0,1057.0,585.0,472.0,280.0,0.0,547.0,425.0,122.0,181.0,166.0,True
Kalri,kalri,Becharaji,1891.0,976.0,915.0,414.0,1208.0,707.0,501.0,110.0,0.0,698.0,561.0,137.0,222.0,170.0,False
Pratapgadh,pratapgadh,Becharaji,556.0,274.0,282.0,150.0,444.0,238.0,206.0,0.0,0.0,239.0,190.0,49.0,71.0,56.0,False
Devgadh,devgadh,Becharaji,614.0,316.0,298.0,161.0,480.0,273.0,207.0,10.0,0.0,253.0,185.0,68.0,189.0,30.0,False
Ruppura Karanpura,ruppura karanpura,Becharaji,2863.0,1410.0,1453.0,523.0,1422.0,919.0,503.0,55.0,0.0,1002.0,731.0,271.0,346.0,258.0,False
Rantej,rantej,Becharaji,3193.0,1641.0,1552.0,629.0,2286.0,1329.0,957.0,256.0,0.0,1008.0,864.0,144.0,534.0,309.0,False
Dethli,dethli,Becharaji,1351.0,695.0,656.0,295.0,832.0,498.0,334.0,118.0,0.0,572.0,404.0,168.0,90.0,240.0,False
Chandanki,chandanki,Becharaji,250.0,117.0,133.0,80.0,167.0,94.0,73.0,0.0,0.0,126.0,81.0,45.0,43.0,58.0,False
Dedana,dedana,Becharaji,2466.0,1261.0,1205.0,515.0,1634.0,998.0,636.0,47.0,0.0,1185.0,755.0,430.0,238.0,518.0,False
Bariyaf,bariyaf,Becharaji,835.0,439.0,396.0,202.0,500.0,311.0,189.0,4.0,0.0,310.0,256.0,54.0,134.0,149.0,False
Akba,akba,Becharaji,1665.0,867.0,798.0,331.0,996.0,623.0,373.0,208.0,0.0,525.0,434.0,91.0,170.0,183.0,False
Chalasan,chalasan,Kadi,2001.0,1044.0,957.0,390.0,1382.0,819.0,563.0,263.0,13.0,628.0,496.0,132.0,244.0,130.0,False
Dholasan,dholasan,Kadi,1231.0,647.0,584.0,252.0,821.0,474.0,347.0,239.0,0.0,462.0,382.0,80.0,63.0,298.0,True
Alampur,alampur,Kadi,1059.0,538.0,521.0,194.0,740.0,407.0,333.0,56.0,0.0,332.0,303.0,29.0,152.0,40.0,False
Dhanali,dhanali,Kadi,2590.0,1328.0,1262.0,534.0,1866.0,1055.0,811.0,181.0,3.0,954.0,765.0,189.0,381.0,349.0,False
Ganeshpura,ganeshpura,Kadi,1504.0,768.0,736.0,345.0,1042.0,595.0,447.0,158.0,9.0,591.0,449.0,142.0,226.0,93.0,True
Kaiyal,kaiyal,Kadi,4352.0,2396.0,1956.0,894.0,3010.0,1837.0,1173.0,255.0,0.0,2087.0,1542.0,545.0,420.0,644.0,False
Vadpura,vadpura,Kadi,967.0,508.0,459.0,197.0,682.0,394.0,288.0,24.0,0.0,293.0,286.0,7.0,143.0,75.0,False
Tankiya,tankiya,Kadi,1342.0,692.0,650.0,259.0,869.0,507.0,362.0,241.0,0.0,373.0,360.0,13.0,85.0,109.0,False
Karjisan,karjisan,Kadi,2971.0,1535.0,1436.0,661.0,2196.0,1258.0,938.0,120.0,0.0,1205.0,886.0,319.0,257.0,511.0,False
Dangarva,dangarva,Kadi,5355.0,2797.0,2558.0,1129.0,3964.0,2244.0,1720.0,487.0,2.0,1909.0,1551.0,358.0,439.0,672.0,False
Anandpura,anandpura,Kadi,1180.0,610.0,570.0,255.0,937.0,524.0,413.0,79.0,37.0,478.0,350.0,128.0,115.0,60.0,True
Nandasan,nandasan,Kadi,13440.0,6972.0,6468.0,2605.0,9876.0,5393.0,4483.0,1163.0,7.0,4092.0,3565.0,527.0,613.0,864.0,False
Mathasur,mathasur,Kadi,2766.0,1409.0,1357.0,578.0,2053.0,1169.0,884.0,433.0,22.0,969.0,785.0,184.0,118.0,249.0,False
Bhatasan,bhatasan,Kadi,2206.0,1130.0,1076.0,454.0,1507.0,880.0,627.0,115.0,0.0,735.0,649.0,86.0,187.0,370.0,False
Suraj,suraj,Kadi,4935.0,2561.0,2374.0,1008.0,3271.0,1931.0,1340.0,317.0,0.0,2293.0,1472.0,821.0,242.0,952.0,True
Moyan,moyan,Kadi,793.0,435.0,358.0,170.0,521.0,330.0,191.0,98.0,0.0,214.0,211.0,3.0,102.0,67.0,False
Dhandhalpur,dhandhalpur,Kadi,505.0,258.0,247.0,105.0,305.0,189.0,116.0,26.0,0.0,210.0,152.0,58.0,87.0,55.0,False
Chhalesra,chhalesra,Kadi,1090.0,555.0,535.0,225.0,558.0,341.0,217.0,72.0,0.0,602.0,340.0,262.0,89.0,158.0,False
Digdi,digdi,Kadi,1097.0,577.0,520.0,224.0,798.0,458.0,340.0,104.0,0.0,444.0,327.0,117.0,164.0,44.0,False
Mokasan,mokasan,Kadi,1600.0,816.0,784.0,365.0,1154.0,655.0,499.0,103.0,0.0,698.0,465.0,233.0,173.0,231.0,False
Jasalpur,jasalpur,Kadi,2411.0,1228.0,1183.0,562.0,1662.0,970.0,692.0,175.0,3.0,1073.0,700.0,373.0,273.0,556.0,False
Kherpur,kherpur,Kadi,1704.0,862.0,842.0,351.0,1281.0,700.0,581.0,227.0,0.0,559.0,509.0,50.0,168.0,46.0,False
Lakshmipura (Nandasan),lakshmipura,Kadi,1658.0,855.0,803.0,358.0,1378.0,734.0,644.0,0.0,3.0,695.0,497.0,198.0,169.0,31.0,True
Chandarda,chandarda,Kadi,2210.0,1146.0,1064.0,419.0,1426.0,847.0,579.0,0.0,0.0,882.0,627.0,255.0,221.0,246.0,False
Vadu,vadu,Kadi,3909.0,2032.0,1877.0,828.0,2946.0,1673.0,1273.0,324.0,0.0,1231.0,1067.0,164.0,337.0,327.0,True
Narola,narola,Kadi,2527.0,1323.0,1204.0,485.0,1766.0,1029.0,737.0,48.0,0.0,1200.0,753.0,447.0,235.0,301.0,False
Ghumasan,ghumasan,Kadi,4631.0,2408.0,2223.0,951.0,3741.0,2002.0,1739.0,519.0,0.0,1597.0,1345.0,252.0,340.0,276.0,False
Rajpur,rajpur,Kadi,8621.0,4525.0,4096.0,1791.0,6099.0,3500.0,2599.0,615.0,37.0,3062.0,2456.0,606.0,607.0,950.0,True
Sarsav,sarsav,Kadi,2486.0,1312.0,1174.0,509.0,1730.0,1020.0,710.0,316.0,0.0,1174.0,711.0,463.0,231.0,308.0,False
Aldesan,aldesan,Kadi,2423.0,1233.0,1190.0,504.0,1591.0,925.0,666.0,265.0,0.0,964.0,718.0,246.0,116.0,529.0,False
Visalpur,visalpur,Kadi,1215.0,640.0,575.0,247.0,796.0,488.0,308.0,72.0,0.0,733.0,383.0,350.0,118.0,317.0,False
Nagarasan,nagarasan,Kadi,1720.0,898.0,822.0,357.0,1345.0,734.0,611.0,363.0,4.0,849.0,541.0,308.0,195.0,222.0,False
Deusana,deusana,Kadi,1822.0,913.0,909.0,392.0,1397.0,775.0,622.0,301.0,6.0,885.0,552.0,333.0,165.0,314.0,False
Jadavpura,jadavpura,Kadi,558.0,298.0,260.0,106.0,427.0,260.0,167.0,8.0,1.0,220.0,142.0,78.0,35.0,67.0,False
Alusna,alusna,Kadi,520.0,258.0,262.0,96.0,240.0,150.0,90.0,114.0,0.0,275.0,150.0,125.0,29.0,100.0,False
Sadra,sadra,Kadi,2258.0,1143.0,1115.0,526.0,1643.0,909.0,734.0,102.0,0.0,972.0,695.0,277.0,291.0,215.0,False
Dhoriya,dhoriya,Kadi,1329.0,687.0,642.0,269.0,863.0,530.0,333.0,44.0,0.0,442.0,410.0,32.0,159.0,139.0,False
Haripura,haripura,Kadi,237.0,121.0,116.0,62.0,180.0,98.0,82.0,0.0,0.0,133.0,75.0,58.0,70.0,41.0,True
Naranpura,naranpura,Kadi,160.0,85.0,75.0,39.0,125.0,73.0,52.0,0.0,0.0,79.0,51.0,28.0,18.0,16.0,False
Charol,charol,Kadi,1830.0,951.0,879.0,397.0,1115.0,707.0,408.0,136.0,0.0,792.0,570.0,222.0,119.0,329.0,False
Babajipura,babajipura,Kadi,882.0,438.0,444.0,166.0,531.0,317.0,214.0,86.0,0.0,423.0,261.0,162.0,10.0,215.0,False
Balasar,balasar,Kadi,2959.0,1502.0,1457.0,584.0,1829.0,1048.0,781.0,247.0,15.0,1142.0,880.0,262.0,255.0,301.0,False
Adudra,adudra,Kadi,3071.0,1600.0,1471.0,634.0,2063.0,1203.0,860.0,503.0,2.0,981.0,902.0,79.0,181.0,464.0,False
Lakshmipura (Andudra),lakshmipura,Kadi,874.0,467.0,407.0,172.0,660.0,390.0,270.0,141.0,0.0,331.0,278.0,53.0,63.0,141.0,True
Untva,untva,Kadi,2065.0,1081.0,984.0,428.0,1487.0,840.0,647.0,139.0,3.0,716.0,559.0,157.0,100.0,342.0,False
Kundal (Part),kundal,Kadi,9395.0,5020.0,4375.0,1984.0,6890.0,4022.0,2868.0,700.0,216.0,3085.0,2791.0,294.0,102.0,209.0,False
Irana,irana,Kadi,3562.0,1863.0,1699.0,717.0,2340.0,1379.0,961.0,535.0,0.0,1346.0,1084.0,262.0,226.0,358.0,False
Jhulasan,jhulasan,Kadi,5046.0,2605.0,2441.0,1073.0,3371.0,1967.0,1404.0,225.0,14.0,1794.0,1432.0,362.0,257.0,274.0,False
Ambavpura,ambavpura,Kadi,1309.0,682.0,627.0,276.0,976.0,531.0,445.0,180.0,0.0,451.0,400.0,51.0,146.0,139.0,False
Chadasna,chadasna,Kadi,2097.0,1077.0,1020.0,394.0,1326.0,785.0,541.0,79.0,0.0,707.0,584.0,123.0,242.0,162.0,True
Indrad,indrad,Kadi,4938.0,2665.0,2273.0,1006.0,3440.0,2086.0,1354.0,269.0,1.0,2019.0,1445.0,574.0,330.0,318.0,False
Budasan,budasan,Kadi,3249.0,1730.0,1519.0,762.0,2253.0,1338.0,915.0,242.0,62.0,1252.0,1015.0,237.0,143.0,186.0,False
Nani Kadi (Part),nani kadi,Kadi,2923.0,1481.0,1442.0,601.0,2236.0,1210.0,1026.0,450.0,0.0,1138.0,897.0,241.0,238.0,360.0,False
Narsihpura,narsihpura,Kadi,1623.0,827.0,796.0,353.0,1165.0,675.0,490.0,362.0,0.0,692.0,485.0,207.0,100.0,272.0,False
Sujatpura,sujatpura,Kadi,1141.0,574.0,567.0,252.0,815.0,457.0,358.0,110.0,0.0,682.0,360.0,322.0,68.0,204.0,False
Thadod,thadod,Kadi,600.0,308.0,292.0,150.0,450.0,262.0,188.0,82.0,0.0,230.0,220.0,10.0,112.0,70.0,False
Visatpura,visatpura,Kadi,1175.0,616.0,559.0,338.0,936.0,544.0,392.0,18.0,0.0,469.0,420.0,49.0,200.0,138.0,False
Galodra,galodra,Kadi,835.0,433.0,402.0,177.0,507.0,304.0,203.0,18.0,0.0,453.0,256.0,197.0,43.0,331.0,False
Korda,korda,Kadi,1329.0,680.0,649.0,317.0,831.0,507.0,324.0,173.0,0.0,795.0,454.0,341.0,248.0,207.0,False
Sendrana,sendrana,Kadi,1195.0,631.0,564.0,239.0,728.0,450.0,278.0,266.0,0.0,467.0,347.0,120.0,121.0,67.0,False
Khandmorva,khandmorva,Kadi,370.0,186.0,184.0,73.0,244.0,141.0,103.0,4.0,0.0,161.0,110.0,51.0,42.0,90.0,False
Kasva,kasva,Kadi,2293.0,1181.0,1112.0,541.0,1714.0,983.0,731.0,240.0,13.0,1135.0,796.0,339.0,268.0,271.0,False
Vidaj,vidaj,Kadi,2798.0,1444.0,1354.0,579.0,2128.0,1188.0,940.0,256.0,1.0,1309.0,841.0,468.0,341.0,230.0,False
Dudhai,dudhai,Kadi,823.0,420.0,403.0,155.0,655.0,358.0,297.0,101.0,0.0,426.0,252.0,174.0,25.0,279.0,False
Shiyapura,shiyapura,Kadi,1083.0,556.0,527.0,221.0,771.0,427.0,344.0,265.0,0.0,337.0,308.0,29.0,47.0,146.0,False
Rangpurda,rangpurda,Kadi,1968.0,998.0,970.0,420.0,1322.0,753.0,569.0,319.0,0.0,737.0,585.0,152.0,140.0,285.0,False
Pirojpur,pirojpur,Kadi,1191.0,617.0,574.0,230.0,835.0,493.0,342.0,246.0,0.0,355.0,315.0,40.0,43.0,107.0,False
Karannagar,karannagar,Kadi,6794.0,3489.0,3305.0,1436.0,4935.0,2779.0,2156.0,367.0,128.0,2546.0,1969.0,577.0,425.0,429.0,False
Ankhol,ankhol,Kadi,1891.0,1020.0,871.0,389.0,1320.0,799.0,521.0,3.0,0.0,649.0,617.0,32.0,25.0,186.0,False
Achrasan,achrasan,Kadi,2079.0,1034.0,1045.0,390.0,1316.0,762.0,554.0,262.0,0.0,981.0,590.0,391.0,188.0,71.0,False
Lunasan,lunasan,Kadi,2522.0,1292.0,1230.0,516.0,1692.0,1003.0,689.0,486.0,0.0,929.0,758.0,171.0,92.0,207.0,False
Vansol,vansol,Kadi,1904.0,1000.0,904.0,388.0,1299.0,778.0,521.0,290.0,0.0,1059.0,572.0,487.0,284.0,298.0,False
Vamaj,vamaj,Kadi,3625.0,1895.0,1730.0,810.0,2694.0,1514.0,1180.0,376.0,10.0,1639.0,1144.0,495.0,408.0,367.0,False
Fuletra,fuletra,Kadi,3065.0,1620.0,1445.0,616.0,1822.0,1128.0,694.0,157.0,0.0,1121.0,974.0,147.0,233.0,602.0,False
Borisana,borisana,Kadi,3092.0,1640.0,1452.0,610.0,2063.0,1199.0,864.0,296.0,10.0,1774.0,986.0,788.0,320.0,351.0,False
Jetpura,jetpura,Kadi,995.0,480.0,515.0,199.0,597.0,342.0,255.0,29.0,0.0,377.0,290.0,87.0,69.0,121.0,False
Rozapuri,rozapuri,Kadi,248.0,127.0,121.0,52.0,155.0,93.0,62.0,0.0,0.0,151.0,78.0,73.0,16.0,65.0,False
Daran Morva,daran morva,Kadi,669.0,335.0,334.0,147.0,452.0,260.0,192.0,210.0,0.0,314.0,187.0,127.0,39.0,175.0,False
Sedardi,sedardi,Kadi,1015.0,520.0,495.0,227.0,767.0,425.0,342.0,307.0,0.0,539.0,312.0,227.0,144.0,155.0,False
Ghughla,ghughla,Kadi,795.0,430.0,365.0,160.0,503.0,332.0,171.0,112.0,0.0,468.0,247.0,221.0,60.0,242.0,False
Maharajpura,maharajpura,Kadi,800.0,420.0,380.0,202.0,618.0,358.0,260.0,0.0,0.0,275.0,266.0,9.0,152.0,80.0,False
Vaghroda,vaghroda,Kadi,1875.0,989.0,886.0,411.0,1218.0,758.0,460.0,155.0,0.0,772.0,563.0,209.0,140.0,312.0,False
Bhalthi (Dharampur),bhalthi,Kadi,1924.0,1007.0,917.0,530.0,1482.0,855.0,627.0,37.0,10.0,655.0,606.0,49.0,166.0,345.0,False
Khavad,khavad,Kadi,3030.0,1597.0,1433.0,710.0,2248.0,1318.0,930.0,414.0,10.0,1511.0,949.0,562.0,373.0,599.0,False
Daran,daran,Kadi,3557.0,1817.0,1740.0,861.0,2663.0,1502.0,1161.0,400.0,9.0,1819.0,1141.0,678.0,412.0,498.0,False
Lhor,lhor,Kadi,1645.0,844.0,801.0,326.0,1046.0,637.0,409.0,205.0,0.0,761.0,498.0,263.0,352.0,131.0,False
Manipur,manipur,Kadi,1312.0,687.0,625.0,297.0,955.0,552.0,403.0,202.0,0.0,542.0,419.0,123.0,110.0,199.0,False
Karsanpura,karsanpura,Kadi,950.0,472.0,478.0,211.0,708.0,380.0,328.0,161.0,0.0,549.0,289.0,260.0,163.0,240.0,False
Merda,merda,Kadi,322.0,161.0,161.0,58.0,240.0,116.0,124.0,0.0,0.0,93.0,70.0,23.0,41.0,4.0,False
Adraj,adraj,Kadi,5415.0,2820.0,2595.0,1076.0,3843.0,2217.0,1626.0,858.0,0.0,2171.0,1635.0,536.0,411.0,629.0,False
Vadavi,vadavi,Kadi,3146.0,1601.0,1545.0,622.0,2034.0,1221.0,813.0,177.0,7.0,941.0,916.0,25.0,301.0,267.0,False
Ambliyara,ambliyara,Kadi,1488.0,758.0,730.0,275.0,795.0,515.0,280.0,18.0,0.0,522.0,379.0,143.0,74.0,204.0,False
Lakshmanpura,lakshmanpura,Kadi,1299.0,655.0,644.0,301.0,993.0,547.0,446.0,135.0,0.0,668.0,432.0,236.0,176.0,140.0,False
Kolad,kolad,Kadi,1604.0,810.0,794.0,328.0,1115.0,608.0,507.0,390.0,0.0,715.0,483.0,232.0,187.0,217.0,False
Nanpurasonvad,nanpurasonvad,Kadi,636.0,331.0,305.0,148.0,418.0,245.0,173.0,0.0,0.0,243.0,194.0,49.0,73.0,95.0,False
Nadoliya,nadoliya,Kadi,595.0,295.0,300.0,118.0,371.0,210.0,161.0,133.0,0.0,374.0,176.0,198.0,61.0,99.0,False
Vekra,vekra,Kadi,1701.0,872.0,829.0,371.0,1126.0,649.0,477.0,194.0,0.0,656.0,530.0,126.0,123.0,285.0,False
Varkhadia,varkhadia,Kadi,2072.0,1064.0,1008.0,417.0,1270.0,759.0,511.0,173.0,0.0,982.0,595.0,387.0,367.0,427.0,False
Fattehpura,fattehpura,Kadi,472.0,236.0,236.0,82.0,279.0,180.0,99.0,0.0,0.0,147.0,118.0,29.0,46.0,58.0,False
Jamiyatpura,jamiyatpura,Kadi,577.0,295.0,282.0,101.0,429.0,237.0,192.0,0.0,0.0,315.0,158.0,157.0,16.0,127.0,False
Vinayakpura,vinayakpura,Kadi,434.0,223.0,211.0,110.0,360.0,184.0,176.0,36.0,1.0,276.0,155.0,121.0,92.0,149.0,False
Bavlu,bavlu,Kadi,3869.0,2018.0,1851.0,799.0,2400.0,1447.0,953.0,296.0,3.0,1511.0,1103.0,408.0,664.0,564.0,False
Jhaloda,jhaloda,Kadi,2973.0,1516.0,1457.0,547.0,1619.0,1008.0,611.0,222.0,1.0,1069.0,791.0,278.0,482.0,200.0,False
Sedfa,sedfa,Kadi,262.0,128.0,134.0,54.0,199.0,100.0,99.0,0.0,0.0,79.0,73.0,6.0,52.0,7.0,False
Thol,thol,Kadi,6866.0,3536.0,3330.0,1415.0,4887.0,2833.0,2054.0,682.0,1.0,2602.0,1977.0,625.0,672.0,1006.0,False
Kanjari,kanjari,Kadi,1622.0,866.0,756.0,324.0,1155.0,700.0,455.0,353.0,15.0,919.0,531.0,388.0,107.0,624.0,False
Medha,medha,Kadi,1420.0,725.0,695.0,338.0,1056.0,610.0,446.0,124.0,0.0,786.0,431.0,355.0,213.0,322.0,False
Agol,agol,Kadi,4502.0,2258.0,2244.0,947.0,2212.0,1403.0,809.0,202.0,0.0,1894.0,1333.0,561.0,204.0,1118.0,False
Jesangpura,jesangpura,Kadi,841.0,425.0,416.0,213.0,648.0,374.0,274.0,227.0,0.0,515.0,278.0,237.0,126.0,51.0,False
Ishvarpura,ishvarpura,Kadi,324.0,163.0,161.0,67.0,169.0,102.0,67.0,0.0,0.0,143.0,83.0,60.0,49.0,27.0,False
Palli,palli,Kadi,1164.0,561.0,603.0,230.0,760.0,431.0,329.0,346.0,0.0,449.0,299.0,150.0,60.0,157.0,False
Kalyanpura,kalyanpura,Kadi,3718.0,1914.0,1804.0,862.0,2966.0,1614.0,1352.0,258.0,1.0,1616.0,1148.0,468.0,280.0,344.0,False
Valavdi,valavdi,Kadi,971.0,490.0,481.0,203.0,410.0,242.0,168.0,0.0,0.0,433.0,290.0,143.0,11.0,289.0,False
Della,della,Kadi,1322.0,687.0,635.0,266.0,774.0,495.0,279.0,182.0,0.0,461.0,401.0,60.0,59.0,371.0,False
Panthoda,panthoda,Kadi,2401.0,1226.0,1175.0,469.0,1205.0,794.0,411.0,69.0,0.0,1289.0,646.0,643.0,109.0,377.0,False
Nadan,nadan,Kadi,1427.0,813.0,614.0,260.0,995.0,653.0,342.0,262.0,0.0,508.0,344.0,164.0,91.0,210.0,False
Khanderavpura,khanderavpura,Kadi,1283.0,688.0,595.0,325.0,1030.0,589.0,441.0,9.0,5.0,639.0,438.0,201.0,202.0,268.0,False
Govindpura,govindpura,Kadi,612.0,308.0,304.0,157.0,527.0,280.0,247.0,50.0,0.0,326.0,196.0,130.0,101.0,112.0,False
Chandrasan,chandrasan,Kadi,2240.0,1169.0,1071.0,444.0,1435.0,830.0,605.0,354.0,0.0,980.0,702.0,278.0,340.0,274.0,False
Yashvantpura,yashvantpura,Kadi,631.0,326.0,305.0,170.0,432.0,250.0,182.0,0.0,0.0,255.0,207.0,48.0,77.0,91.0,False
